campaign	id	region	slot_template	slot_type
#start_pos_region_slot_templates_tables;0;db/start_pos_region_slot_templates_tables/data_3k_dlc05_start_pos				
3k_dlc05_start_pos	1000710877	3k_main_shoufang_resource_1	3k_resource_bandit	secondary
3k_dlc05_start_pos	1003643637	3k_main_jingzhou_capital	3k_province_capital_port	port
3k_dlc05_start_pos	1011482790	ironic_region_baek_capital	3k_province_capital_port	port
3k_dlc05_start_pos	1011677141	3k_main_zangke_resource_1	3k_resource_wood_tea	primary
3k_dlc05_start_pos	1012245735	3k_main_yanmen_capital	3k_city	primary
3k_dlc05_start_pos	1013124396	3k_main_xihe_resource_1	3k_minor_port	port
3k_dlc05_start_pos	1022444670	3k_main_runan_capital	3k_districts	secondary
3k_dlc05_start_pos	1023023970	3k_dlc06_yunnan_resource_2	3k_resource_wood_lumber_pine	primary
3k_dlc05_start_pos	1031506382	3k_main_wudu_capital	3k_city	primary
3k_dlc05_start_pos	1033944201	3k_main_xiangyang_capital	3k_city	primary
3k_dlc05_start_pos	1036914091	3k_main_pingyuan_resource_1	3k_resource_water_salt	primary
3k_dlc05_start_pos	1037655362	ironic_region_hanseong_resource_1	3k_resource_water_trading_port	primary
3k_dlc05_start_pos	1052455451	3k_main_yangzhou_capital	3k_city	primary
3k_dlc05_start_pos	1058674086	3k_main_youbeiping_capital	3k_districts	secondary
3k_dlc05_start_pos	1059460427	3k_main_luling_resource_1	3k_resource_bandit	secondary
3k_dlc05_start_pos	1073547856	3k_main_xindu_resource_2	3k_minor_port	port
3k_dlc05_start_pos	1081547598	3k_main_chengdu_resource_3	3k_resource_water_salt	primary
3k_dlc05_start_pos	1084047695	3k_main_chenjun_capital	3k_city	primary
3k_dlc05_start_pos	1088176457	3k_main_lingling_resource_2	3k_resource_wood_lumber_bamboo	primary
3k_dlc05_start_pos	109200939	3k_main_wudu_resource_2	3k_resource_bandit	secondary
3k_dlc05_start_pos	1098919790	3k_main_henei_resource_1	3k_resource_bandit	secondary
3k_dlc05_start_pos	1100649673	ironic_region_baek_resource_1	3k_resource_wood_lumber_pine	primary
3k_dlc05_start_pos	1106493146	3k_main_yizhou_island_resource_1	3k_resource_wood_fish	primary
3k_dlc05_start_pos	1107043184	3k_main_changsha_capital	3k_city	primary
3k_dlc05_start_pos	1107356802	3k_main_anping_capital	3k_city	primary
3k_dlc05_start_pos	1110450056	3k_main_shangyong_capital	3k_city	primary
3k_dlc05_start_pos	1111176254	3k_main_yuzhang_resource_1	3k_resource_wood_farms_rice	primary
3k_dlc05_start_pos	1114052751	3k_main_chengdu_resource_1	3k_resource_metal_craftsmen_armour	primary
3k_dlc05_start_pos	1117476626	3k_main_kuaiji_resource_1	3k_resource_bandit	secondary
3k_dlc05_start_pos	1117751825	3k_main_chengdu_resource_3	3k_resource_bandit	secondary
3k_dlc05_start_pos	1121117499	3k_main_lujiang_capital	3k_city	primary
3k_dlc05_start_pos	1121413967	3k_main_bajun_capital	3k_city	primary
3k_dlc05_start_pos	1125699196	3k_main_bajun_capital	3k_province_capital_port	port
3k_dlc05_start_pos	1126114701	3k_dlc06_yongchang_resource_1	3k_resource_bandit	secondary
3k_dlc05_start_pos	1140279459	ironic_region_ye_resource_1	3k_resource_bandit	secondary
3k_dlc05_start_pos	114494459	ironic_region_xiping_resource_2	3k_resource_bandit	secondary
3k_dlc05_start_pos	1148639807	3k_main_hepu_resource_1	3k_resource_bandit	secondary
3k_dlc05_start_pos	1151246179	3k_main_dongjun_capital	3k_city	primary
3k_dlc05_start_pos	1153364476	3k_main_penchang_capital	3k_city	primary
3k_dlc05_start_pos	1155574050	ironic_region_xi_capital	3k_city	primary
3k_dlc05_start_pos	1157984172	3k_main_xindu_resource_2	3k_resource_bandit	secondary
3k_dlc05_start_pos	1158818606	3k_main_cangwu_resource_2	3k_resource_bandit	secondary
3k_dlc05_start_pos	1167497569	3k_main_jianye_resource_1	3k_resource_water_salt	primary
3k_dlc05_start_pos	117074199	3k_main_luling_resource_1	3k_resource_metal_copper	primary
3k_dlc05_start_pos	117195499	3k_main_guangling_resource_2	3k_minor_port	port
3k_dlc05_start_pos	1176939584	3k_main_yizhou_island_capital	3k_districts	secondary
3k_dlc05_start_pos	1177198178	3k_main_shoufang_capital	3k_city	primary
3k_dlc05_start_pos	1182044613	3k_main_youzhou_capital	3k_city	primary
3k_dlc05_start_pos	1182724584	ironic_region_dongye_capital	3k_districts_port	secondary
3k_dlc05_start_pos	118398552	3k_main_lingling_resource_2	3k_resource_bandit	secondary
3k_dlc05_start_pos	1188725587	3k_main_poyang_resource_1	3k_resource_bandit	secondary
3k_dlc05_start_pos	1206817004	ironic_region_baek_capital	3k_city	primary
3k_dlc05_start_pos	1206821618	3k_dlc06_wu_pass	3k_dlc06_gate	primary
3k_dlc05_start_pos	1208105319	3k_main_jianning_resource_2	3k_resource_water_spice	primary
3k_dlc05_start_pos	1213194331	3k_main_tongan_resource_1	3k_resource_wood_livestock	primary
3k_dlc05_start_pos	1221531868	3k_main_kuaiji_capital	3k_city	primary
3k_dlc05_start_pos	1222376083	3k_main_daijun_resource_1	3k_resource_metal_craftsmen_animal	primary
3k_dlc05_start_pos	1223029769	3k_main_youbeiping_resource_1	3k_minor_port	port
3k_dlc05_start_pos	1234043169	3k_main_xindu_resource_2	3k_resource_wood_fish	primary
3k_dlc05_start_pos	1234401146	3k_main_lujiang_resource_1	3k_resource_wood_fish	primary
3k_dlc05_start_pos	123527262	3k_main_taiyuan_resource_2	3k_resource_bandit	secondary
3k_dlc05_start_pos	1243106240	3k_main_lingling_capital	3k_city	primary
3k_dlc05_start_pos	1247328157	ironic_region_baek_resource_3	3k_resource_bandit	secondary
3k_dlc05_start_pos	1248443770	3k_main_youzhou_capital	3k_districts	secondary
3k_dlc05_start_pos	1250786008	ironic_region_xi_resource_1	3k_resource_bandit	secondary
3k_dlc05_start_pos	1251163479	ironic_region_jinbeongun_resource_1	3k_resource_bandit	secondary
3k_dlc05_start_pos	1256675994	3k_main_shoufang_capital	3k_province_capital_port	port
3k_dlc05_start_pos	1262573157	3k_main_youbeiping_capital	3k_city	primary
3k_dlc05_start_pos	1268669518	3k_main_henei_capital	3k_city	primary
3k_dlc05_start_pos	1270030656	3k_main_dongou_capital	3k_districts_port	secondary
3k_dlc05_start_pos	1270092204	3k_main_zhongshan_resource_1	3k_resource_bandit	secondary
3k_dlc05_start_pos	1270934605	ironic_region_hanyang_capital	3k_districts	secondary
3k_dlc05_start_pos	1274686886	3k_main_yangzhou_capital	3k_districts	secondary
3k_dlc05_start_pos	1275166137	3k_dlc06_gu_pass	ironic_gate_buildings	secondary
3k_dlc05_start_pos	1283085159	3k_dlc06_qi_pass	3k_dlc06_gate	primary
3k_dlc05_start_pos	1286504587	ironic_region_baek_resource_2	3k_resource_wood_livestock	primary
3k_dlc05_start_pos	1287716444	3k_main_hepu_resource_2	3k_resource_wood_lumber_bamboo	primary
3k_dlc05_start_pos	1287782044	3k_main_chenjun_resource_2	3k_resource_wood_farms_grain	primary
3k_dlc05_start_pos	1289802890	ironic_region_jinbeongun_resource_2	3k_resource_bandit	secondary
3k_dlc05_start_pos	1294360687	3k_main_guangling_resource_1	3k_resource_bandit	secondary
3k_dlc05_start_pos	1299749371	3k_main_pingyuan_capital	3k_districts	secondary
3k_dlc05_start_pos	1306092850	3k_main_kuaiji_resource_1	3k_resource_wood_farms_rice	primary
3k_dlc05_start_pos	1307706861	3k_main_jiaozhi_resource_2	3k_resource_bandit	secondary
3k_dlc05_start_pos	1308356332	3k_main_henei_resource_1	3k_resource_wood_farms_grain	primary
3k_dlc05_start_pos	1308602793	3k_main_wuwei_resource_2	3k_resource_bandit	secondary
3k_dlc05_start_pos	1309865026	3k_main_shangdang_capital	3k_city	primary
3k_dlc05_start_pos	1315613610	3k_main_hanzhong_capital	3k_districts	secondary
3k_dlc05_start_pos	1321993774	3k_main_yu_resource_1	3k_resource_metal_tools	primary
3k_dlc05_start_pos	1322403582	3k_main_anding_resource_2	3k_resource_metal_tools	primary
3k_dlc05_start_pos	1327902166	3k_main_guangling_resource_1	3k_resource_wood_farms_grain	primary
3k_dlc05_start_pos	1334865905	ironic_region_gyeongju_resource_1	3k_resource_bandit	secondary
3k_dlc05_start_pos	1337715080	3k_main_fuling_capital	3k_dlc06_city_nanman	primary
3k_dlc05_start_pos	1339174298	3k_main_changsha_capital	3k_districts	secondary
3k_dlc05_start_pos	1344114541	3k_main_poyang_resource_3	3k_resource_bandit	secondary
3k_dlc05_start_pos	1344952491	3k_dlc06_jiuzhen_capital	3k_districts	secondary
3k_dlc05_start_pos	1348092301	3k_main_lujiang_capital	3k_districts	secondary
3k_dlc05_start_pos	1348844362	3k_main_jianan_capital	3k_city	primary
3k_dlc05_start_pos	1349983363	3k_main_wuling_resource_2	3k_resource_bandit	secondary
3k_dlc05_start_pos	1360272350	3k_main_changsha_resource_3	3k_resource_wood_tea	primary
3k_dlc05_start_pos	1362700127	3k_main_pingyuan_resource_1	3k_resource_bandit	secondary
3k_dlc05_start_pos	1365561634	3k_main_wudu_resource_1	3k_resource_bandit	secondary
3k_dlc05_start_pos	1367132518	3k_main_zangke_resource_2	3k_minor_port	port
3k_dlc05_start_pos	137706327	3k_main_jingzhou_resource_1	3k_resource_wood_livestock	primary
3k_dlc05_start_pos	1378354644	3k_main_anding_resource_1	3k_resource_bandit	secondary
3k_dlc05_start_pos	1387528860	ironic_region_jinbeongun_capital	3k_province_capital_port	port
3k_dlc05_start_pos	1399565249	3k_main_shoufang_resource_3	3k_resource_bandit	secondary
3k_dlc05_start_pos	1399942401	3k_main_jiangxia_capital	3k_districts	secondary
3k_dlc05_start_pos	1407145764	ironic_region_hanseong_resource_1	3k_minor_port	port
3k_dlc05_start_pos	1411515105	3k_main_changan_capital	3k_city	primary
3k_dlc05_start_pos	1412824094	3k_dlc06_yongchang_capital	3k_dlc06_city_nanman	primary
3k_dlc05_start_pos	1415961208	3k_main_langye_capital	3k_city	primary
3k_dlc05_start_pos	1418773505	3k_main_poyang_resource_1	3k_resource_fire_iron	primary
3k_dlc05_start_pos	1419779068	3k_dlc06_xiapi_resource_1	3k_resource_wood_farms_grain	primary
3k_dlc05_start_pos	1420946351	3k_main_poyang_resource_2	3k_resource_metal_copper	primary
3k_dlc05_start_pos	14285114	3k_main_chengdu_capital	3k_city	primary
3k_dlc05_start_pos	1432079649	ironic_region_dongye_capital	3k_city	primary
3k_dlc05_start_pos	1433708826	3k_main_hedong_capital	3k_districts	secondary
3k_dlc05_start_pos	1440305526	3k_main_bohai_resource_1	3k_minor_port	port
3k_dlc05_start_pos	1440893651	3k_main_anding_capital	3k_city	primary
3k_dlc05_start_pos	1442718105	3k_dlc06_san_pass	ironic_gate_buildings	secondary
3k_dlc05_start_pos	1444334466	3k_main_taiyuan_resource_1	3k_resource_bandit	secondary
3k_dlc05_start_pos	1449860060	3k_dlc06_xiapi_resource_1	3k_resource_bandit	secondary
3k_dlc05_start_pos	145517299	3k_main_jiangyang_resource_1	3k_resource_wood_farms_grain	primary
3k_dlc05_start_pos	1455445725	ironic_region_kimhae_capital	3k_city	primary
3k_dlc05_start_pos	1457908476	3k_main_baxi_resource_1	3k_resource_bandit	secondary
3k_dlc05_start_pos	1457938919	3k_main_jiangxia_resource_1	3k_resource_bandit	secondary
3k_dlc05_start_pos	1461599631	3k_main_yuzhang_resource_1	3k_resource_bandit	secondary
3k_dlc05_start_pos	1465907324	3k_main_nanhai_resource_2	3k_minor_port	port
3k_dlc05_start_pos	1468384374	ironic_region_lelang_resource_1	3k_resource_wood_fish	primary
3k_dlc05_start_pos	146925538	ironic_region_hyunto_capital	3k_city	primary
3k_dlc05_start_pos	1470074215	3k_main_shoufang_capital	3k_districts_port	secondary
3k_dlc05_start_pos	1471742670	3k_dlc06_jianning_resource_3	3k_resource_bandit	secondary
3k_dlc05_start_pos	1473474767	ironic_region_hanseong_resource_2	3k_resource_bandit	secondary
3k_dlc05_start_pos	1477691251	3k_main_bohai_resource_1	3k_resource_bandit	secondary
3k_dlc05_start_pos	1478278570	3k_main_jingzhou_resource_1	3k_resource_bandit	secondary
3k_dlc05_start_pos	1482247960	3k_main_luoyang_resource_1	3k_resource_water_trading_port	primary
3k_dlc05_start_pos	1485969957	3k_main_jiangyang_capital	3k_districts_port	secondary
3k_dlc05_start_pos	1486159108	3k_main_dongou_capital	3k_city	primary
3k_dlc05_start_pos	1487264800	3k_main_baxi_capital	3k_city	primary
3k_dlc05_start_pos	14888393	ironic_region_hanyang_resource_1	3k_resource_bandit	secondary
3k_dlc05_start_pos	1489384372	3k_main_anding_resource_3	3k_resource_wood_livestock	primary
3k_dlc05_start_pos	1498436406	ironic_region_jinbeongun_capital	3k_city	primary
3k_dlc05_start_pos	149880552	3k_main_cangwu_resource_3	3k_resource_bandit	secondary
3k_dlc05_start_pos	1503608460	3k_main_wuling_resource_1	3k_resource_bandit	secondary
3k_dlc05_start_pos	1506696932	3k_main_daijun_resource_1	3k_resource_bandit	secondary
3k_dlc05_start_pos	1507940967	3k_main_chenjun_resource_1	3k_city	primary
3k_dlc05_start_pos	1509989200	3k_main_xiangyang_capital	3k_districts	secondary
3k_dlc05_start_pos	1518193544	3k_main_youbeiping_resource_1	3k_resource_bandit	secondary
3k_dlc05_start_pos	1519177484	3k_main_daijun_capital	3k_districts	secondary
3k_dlc05_start_pos	1520253848	3k_main_hepu_capital	3k_districts_port	secondary
3k_dlc05_start_pos	1526339106	3k_main_shangdang_resource_1	3k_resource_bandit	secondary
3k_dlc05_start_pos	1527040102	ironic_region_kimhae_resource_1	3k_resource_wood_fish	primary
3k_dlc05_start_pos	15281093	3k_main_bajun_capital	3k_districts_port	secondary
3k_dlc05_start_pos	1528177577	3k_main_cangwu_resource_2	3k_resource_wood_lumber_bamboo	primary
3k_dlc05_start_pos	15296347	3k_main_jiangyang_capital	3k_province_capital_port	port
3k_dlc05_start_pos	1541737893	3k_dlc06_tong_pass	3k_dlc06_gate	primary
3k_dlc05_start_pos	1542233154	3k_main_shoufang_resource_3	3k_resource_water_salt	primary
3k_dlc05_start_pos	1549232017	3k_dlc06_jiaozhi_resource_3	3k_resource_bandit	secondary
3k_dlc05_start_pos	1552656080	3k_main_yizhou_island_capital	3k_city	primary
3k_dlc05_start_pos	1557995082	3k_main_zangke_capital	3k_districts	secondary
3k_dlc05_start_pos	1559395932	3k_main_taishan_resource_1	3k_minor_port	port
3k_dlc05_start_pos	1572084751	3k_main_hedong_resource_1	3k_resource_bandit	secondary
3k_dlc05_start_pos	1574424234	3k_main_guangling_capital	3k_city	primary
3k_dlc05_start_pos	1577705745	3k_main_taiyuan_resource_2	3k_resource_metal_tools	primary
3k_dlc05_start_pos	1586753648	3k_main_zangke_resource_2	3k_resource_water_trading_port	primary
3k_dlc05_start_pos	1587513804	3k_main_yu_capital	3k_city	primary
3k_dlc05_start_pos	1588668051	ironic_region_baekje_resource_2	3k_resource_water_salt	primary
3k_dlc05_start_pos	1598730546	3k_main_jiangxia_resource_1	3k_resource_wood_farms_grain	primary
3k_dlc05_start_pos	1602782381	3k_main_yuzhang_resource_2	3k_resource_wood_livestock	primary
3k_dlc05_start_pos	1603878629	3k_main_shangdang_resource_1	3k_resource_wood_farms_grain	primary
3k_dlc05_start_pos	1605306632	3k_main_jiaozhi_resource_1	3k_resource_wood_farms_rice	primary
3k_dlc05_start_pos	1612300351	3k_main_yanmen_resource_1	3k_resource_bandit	secondary
3k_dlc05_start_pos	1614975527	3k_main_xindu_capital	3k_city	primary
3k_dlc05_start_pos	1631515919	3k_dlc06_tong_pass	ironic_gate_buildings	secondary
3k_dlc05_start_pos	1634208243	ironic_region_dongokjeo_resource_1	3k_minor_port	port
3k_dlc05_start_pos	1636068469	ironic_region_lelang_capital	3k_districts	secondary
3k_dlc05_start_pos	1636618146	3k_main_chengdu_resource_1	3k_resource_bandit	secondary
3k_dlc05_start_pos	1639019174	3k_dlc06_yunnan_resource_1	3k_resource_fire_iron	primary
3k_dlc05_start_pos	1639108911	3k_main_yangzhou_resource_3	3k_resource_bandit	secondary
3k_dlc05_start_pos	16431665	3k_main_badong_resource_1	3k_resource_fire_iron	primary
3k_dlc05_start_pos	1647816309	3k_main_anding_resource_3	3k_resource_bandit	secondary
3k_dlc05_start_pos	1654941261	3k_main_poyang_resource_2	3k_resource_bandit	secondary
3k_dlc05_start_pos	166527495	3k_main_weijun_capital	3k_districts	secondary
3k_dlc05_start_pos	1667261218	3k_main_jianning_capital	3k_dlc06_city_nanman	primary
3k_dlc05_start_pos	1673007941	3k_main_anding_capital	3k_districts	secondary
3k_dlc05_start_pos	1673515584	3k_main_tongan_resource_1	3k_resource_bandit	secondary
3k_dlc05_start_pos	1673705677	3k_dlc06_yongchang_resource_1	3k_resource_water_spice	primary
3k_dlc05_start_pos	1689413579	3k_main_kuaiji_resource_2	3k_resource_bandit	secondary
3k_dlc05_start_pos	169487167	3k_main_changan_resource_1	3k_resource_metal_jade	primary
3k_dlc05_start_pos	1697674759	3k_main_shoufang_resource_1	3k_resource_fire_northern_horses	primary
3k_dlc05_start_pos	1701073715	3k_main_yulin_resource_1	3k_minor_port	port
3k_dlc05_start_pos	1704385012	3k_main_lingling_resource_1	3k_resource_bandit	secondary
3k_dlc05_start_pos	1704982024	3k_main_gaoliang_resource_1	3k_resource_water_salt	primary
3k_dlc05_start_pos	1705179411	3k_main_xihe_resource_1	3k_resource_wood_fish	primary
3k_dlc05_start_pos	1706774711	3k_main_langye_resource_2	3k_minor_port	port
3k_dlc05_start_pos	1715172605	3k_main_changsha_resource_2	3k_resource_bandit	secondary
3k_dlc05_start_pos	1715702969	3k_main_nanyang_capital	3k_districts	secondary
3k_dlc05_start_pos	1716735316	3k_main_shangyong_resource_1	3k_resource_wood_lumber_pine	primary
3k_dlc05_start_pos	1722747736	3k_main_jincheng_capital	3k_districts_port	secondary
3k_dlc05_start_pos	172581537	3k_dlc06_yunnan_resource_2	3k_resource_bandit	secondary
3k_dlc05_start_pos	1727332248	ironic_region_dongye_resource_1	3k_resource_wood_livestock	primary
3k_dlc05_start_pos	1729341241	ironic_region_dongye_capital	3k_province_capital_port	port
3k_dlc05_start_pos	1732562695	3k_main_yangzhou_resource_2	3k_resource_wood_farms_grain	primary
3k_dlc05_start_pos	17335671	3k_main_anping_resource_1	3k_resource_wood_livestock	primary
3k_dlc05_start_pos	1735961427	ironic_region_kimhae_resource_1	3k_resource_bandit	secondary
3k_dlc05_start_pos	1737391555	3k_main_yingchuan_resource_1	3k_resource_bandit	secondary
3k_dlc05_start_pos	1737494557	3k_main_changsha_resource_1	3k_resource_bandit	secondary
3k_dlc05_start_pos	1739271176	3k_main_taiyuan_resource_1	3k_resource_fire_iron	primary
3k_dlc05_start_pos	1748928003	3k_main_changan_resource_1	3k_resource_bandit	secondary
3k_dlc05_start_pos	1751252106	3k_main_wuling_capital	3k_districts	secondary
3k_dlc05_start_pos	175661444	ironic_region_dongokjeo_capital	3k_city	primary
3k_dlc05_start_pos	1758515603	ironic_region_hyunto_resource_2	3k_resource_bandit	secondary
3k_dlc05_start_pos	1763672420	ironic_region_wuyuan_resource_1	3k_resource_bandit	secondary
3k_dlc05_start_pos	1765388128	3k_main_poyang_capital	3k_districts	secondary
3k_dlc05_start_pos	1779026060	ironic_region_wuwei_resource_3	3k_resource_bandit	secondary
3k_dlc05_start_pos	1780423547	3k_main_jianning_resource_1	3k_resource_fire_iron	primary
3k_dlc05_start_pos	1784374178	3k_main_jiangyang_resource_3	3k_resource_metal_copper	primary
3k_dlc05_start_pos	1785976939	3k_main_badong_resource_2	3k_resource_bandit	secondary
3k_dlc05_start_pos	1786285050	ironic_region_xiping_resource_1	3k_resource_bandit	secondary
3k_dlc05_start_pos	1788973556	3k_main_bohai_resource_1	3k_resource_wood_fish	primary
3k_dlc05_start_pos	1791898641	3k_dlc06_liaodong_resource_1	3k_resource_wood_lumber_pine	primary
3k_dlc05_start_pos	1792247486	3k_main_lingling_resource_1	3k_resource_metal_tools	primary
3k_dlc05_start_pos	1794171361	3k_main_lujiang_resource_1	3k_minor_port	port
3k_dlc05_start_pos	1795985963	3k_main_fuling_resource_1	3k_resource_bandit	secondary
3k_dlc05_start_pos	1803547915	3k_main_jiaozhi_capital	3k_districts	secondary
3k_dlc05_start_pos	1810281230	3k_main_baxi_capital	3k_districts	secondary
3k_dlc05_start_pos	181092768	3k_main_henei_capital	3k_province_capital_port	port
3k_dlc05_start_pos	1820419154	ironic_region_baek_resource_3	3k_resource_fire_iron	primary
3k_dlc05_start_pos	1828039546	ironic_region_ye_resource_1	3k_resource_wood_fish	primary
3k_dlc05_start_pos	1828642260	3k_main_youbeiping_resource_1	3k_resource_water_trading_port	primary
3k_dlc05_start_pos	1833115213	3k_main_taishan_capital	3k_districts	secondary
3k_dlc05_start_pos	1839618413	3k_main_shangyong_capital	3k_districts	secondary
3k_dlc05_start_pos	1840021271	3k_main_donghai_resource_1	3k_resource_bandit	secondary
3k_dlc05_start_pos	1861263218	3k_main_yangzhou_resource_3	3k_resource_metal_tools	primary
3k_dlc05_start_pos	1862353747	3k_main_shangyong_resource_1	3k_resource_bandit	secondary
3k_dlc05_start_pos	1864025565	3k_main_zhongshan_resource_1	3k_resource_fire_northern_horses	primary
3k_dlc05_start_pos	1866349927	3k_main_wudu_resource_1	3k_resource_water_silk	primary
3k_dlc05_start_pos	1869486609	ironic_region_hyunto_capital	3k_districts	secondary
3k_dlc05_start_pos	18713258	ironic_region_dongye_resource_1	3k_resource_bandit	secondary
3k_dlc05_start_pos	1873950864	3k_main_jianan_resource_1	3k_resource_wood_farms_rice	primary
3k_dlc05_start_pos	1879812643	3k_main_poyang_capital	3k_city	primary
3k_dlc05_start_pos	1880518241	3k_main_kuaiji_resource_2	3k_resource_wood_livestock	primary
3k_dlc05_start_pos	1888153176	3k_main_guangling_resource_2	3k_resource_water_trading_port	primary
3k_dlc05_start_pos	1895139157	3k_main_henei_capital	3k_districts_port	secondary
3k_dlc05_start_pos	1895290037	3k_main_anping_capital	3k_districts	secondary
3k_dlc05_start_pos	1896062106	ironic_region_kimhae_capital	3k_districts	secondary
3k_dlc05_start_pos	1902294398	3k_main_taiyuan_capital	3k_city	primary
3k_dlc05_start_pos	1906709061	3k_main_nanhai_capital	3k_province_capital_port	port
3k_dlc05_start_pos	1907601520	ironic_region_dongokjeo_resource_2	3k_resource_bandit	secondary
3k_dlc05_start_pos	1910108695	3k_main_cangwu_capital	3k_districts_port	secondary
3k_dlc05_start_pos	191150473	3k_main_yingchuan_capital	3k_city	primary
3k_dlc05_start_pos	1920478904	3k_main_jianan_resource_2	3k_resource_bandit	secondary
3k_dlc05_start_pos	1926592351	3k_main_gaoliang_capital	3k_city	primary
3k_dlc05_start_pos	1926702819	3k_main_xindu_resource_1	3k_resource_wood_lumber_bamboo	primary
3k_dlc05_start_pos	1928011691	3k_main_jiaozhi_resource_2	3k_resource_wood_tea	primary
3k_dlc05_start_pos	1930837302	3k_main_jianye_resource_1	3k_resource_bandit	secondary
3k_dlc05_start_pos	1930992108	3k_main_hedong_capital	3k_city	primary
3k_dlc05_start_pos	1933504453	ironic_region_xiping_resource_1	3k_resource_wood_livestock	primary
3k_dlc05_start_pos	193548688	3k_main_tongan_capital	3k_districts_port	secondary
3k_dlc05_start_pos	1939741616	3k_main_jianye_capital	3k_province_capital_port	port
3k_dlc05_start_pos	1939796688	3k_main_langye_capital	3k_districts	secondary
3k_dlc05_start_pos	1944909373	3k_main_yuzhang_resource_2	3k_resource_bandit	secondary
3k_dlc05_start_pos	1951662719	3k_main_shoufang_resource_2	3k_resource_bandit	secondary
3k_dlc05_start_pos	1952068785	3k_main_baxi_resource_2	3k_resource_bandit	secondary
3k_dlc05_start_pos	195369043	3k_main_lujiang_resource_2	3k_resource_bandit	secondary
3k_dlc05_start_pos	19609674	3k_main_dongou_resource_1	3k_resource_water_salt	primary
3k_dlc05_start_pos	1961979708	3k_main_nanhai_capital	3k_districts_port	secondary
3k_dlc05_start_pos	1973655388	3k_main_nanhai_resource_2	3k_resource_bandit	secondary
3k_dlc05_start_pos	1974597088	3k_main_dongou_resource_1	3k_resource_bandit	secondary
3k_dlc05_start_pos	1982109819	3k_main_hepu_resource_2	3k_resource_bandit	secondary
3k_dlc05_start_pos	1982820869	3k_main_cangwu_capital	3k_province_capital_port	port
3k_dlc05_start_pos	1990016279	3k_main_guangling_capital	3k_districts	secondary
3k_dlc05_start_pos	1992985799	3k_dlc06_shangdang_resource_2	3k_resource_bandit	secondary
3k_dlc05_start_pos	1996247193	3k_main_jincheng_resource_2	3k_resource_water_silk	primary
3k_dlc05_start_pos	2003704082	ironic_region_jinbeongun_resource_2	3k_resource_wood_farms_grain	primary
3k_dlc05_start_pos	2008170036	3k_main_hedong_resource_1	3k_resource_water_trading_port	primary
3k_dlc05_start_pos	2008594046	3k_main_yu_capital	3k_districts	secondary
3k_dlc05_start_pos	2009104360	3k_main_kuaiji_capital	3k_districts	secondary
3k_dlc05_start_pos	2010429277	3k_dlc06_hangu_pass	3k_dlc06_gate	primary
3k_dlc05_start_pos	2013054414	3k_dlc06_hulao_pass	ironic_gate_buildings	secondary
3k_dlc05_start_pos	2014725956	3k_main_gaoliang_resource_1	3k_resource_bandit	secondary
3k_dlc05_start_pos	2016213451	3k_main_jingzhou_capital	3k_districts_port	secondary
3k_dlc05_start_pos	2020002934	ironic_region_baekje_resource_1	3k_resource_bandit	secondary
3k_dlc05_start_pos	2020841256	3k_main_yangzhou_resource_1	3k_resource_wood_livestock	primary
3k_dlc05_start_pos	2021198093	3k_main_chenjun_resource_1	3k_districts	secondary
3k_dlc05_start_pos	20235186	3k_main_taishan_resource_1	3k_resource_bandit	secondary
3k_dlc05_start_pos	2025419450	3k_main_chengdu_resource_2	3k_resource_wood_farms_grain	primary
3k_dlc05_start_pos	2026898163	3k_main_nanyang_capital	3k_city	primary
3k_dlc05_start_pos	2027107149	3k_main_changsha_resource_1	3k_resource_water_trading_port	primary
3k_dlc05_start_pos	2027512838	3k_dlc06_qi_pass	ironic_gate_buildings	secondary
3k_dlc05_start_pos	203529804	3k_main_changsha_resource_2	3k_resource_metal_craftsmen_armour	primary
3k_dlc05_start_pos	204134830	3k_main_donglai_resource_1	3k_resource_bandit	secondary
3k_dlc05_start_pos	2042141072	3k_main_anding_resource_1	3k_resource_wood_farms_grain	primary
3k_dlc05_start_pos	2042621541	3k_main_yizhou_island_resource_1	3k_minor_port	port
3k_dlc05_start_pos	204688011	3k_main_xihe_capital	3k_districts	secondary
3k_dlc05_start_pos	2047453194	3k_main_yu_resource_1	3k_resource_bandit	secondary
3k_dlc05_start_pos	2055114411	3k_dlc06_hulao_pass	3k_dlc06_gate	primary
3k_dlc05_start_pos	2061810027	3k_main_youzhou_resource_1	3k_resource_bandit	secondary
3k_dlc05_start_pos	2064824408	3k_main_dongjun_resource_1	3k_resource_fire_iron	primary
3k_dlc05_start_pos	2068298367	3k_dlc06_yongchang_capital	3k_districts	secondary
3k_dlc05_start_pos	2069425336	3k_main_taishan_resource_1	3k_resource_water_trading_port	primary
3k_dlc05_start_pos	2072244444	3k_main_nanhai_resource_1	3k_resource_bandit	secondary
3k_dlc05_start_pos	2074088649	3k_main_jiangyang_resource_1	3k_resource_bandit	secondary
3k_dlc05_start_pos	2075253638	3k_main_runan_capital	3k_city	primary
3k_dlc05_start_pos	2076049334	3k_main_fuling_resource_1	3k_resource_wood_livestock	primary
3k_dlc05_start_pos	2085518241	3k_main_hedong_resource_1	3k_minor_port	port
3k_dlc05_start_pos	2087424528	ironic_region_hanseong_capital	3k_city	primary
3k_dlc05_start_pos	2087980409	3k_main_wuwei_resource_2	3k_resource_wood_farms_grain	primary
3k_dlc05_start_pos	2096324586	3k_main_luoyang_capital	3k_city	primary
3k_dlc05_start_pos	2098244930	3k_dlc06_xiapi_capital	3k_districts	secondary
3k_dlc05_start_pos	2098726989	3k_main_cangwu_resource_3	3k_resource_wood_livestock	primary
3k_dlc05_start_pos	210412575	3k_dlc06_shangdang_resource_2	3k_resource_wood_farms_grain	primary
3k_dlc05_start_pos	2105855968	3k_main_yuzhang_capital	3k_city	primary
3k_dlc05_start_pos	2106105276	3k_main_nanhai_capital	3k_city	primary
3k_dlc05_start_pos	2109447164	3k_main_fuling_capital	3k_districts	secondary
3k_dlc05_start_pos	2109655318	3k_main_lingling_capital	3k_districts	secondary
3k_dlc05_start_pos	2119042724	3k_main_penchang_resource_1	3k_resource_earth_temple	primary
3k_dlc05_start_pos	2122737375	3k_main_yulin_capital	3k_city	primary
3k_dlc05_start_pos	213299318	ironic_region_wuwei_resource_3	3k_resource_metal_tools	primary
3k_dlc05_start_pos	2143608136	ironic_region_xiping_resource_2	3k_resource_fire_iron	primary
3k_dlc05_start_pos	220622132	3k_main_jiangyang_resource_3	3k_resource_bandit	secondary
3k_dlc05_start_pos	22951440	3k_dlc06_kui_pass	3k_dlc06_gate	primary
3k_dlc05_start_pos	235110381	3k_main_beihai_resource_1	3k_resource_bandit	secondary
3k_dlc05_start_pos	252348894	3k_main_weijun_resource_1	3k_resource_bandit	secondary
3k_dlc05_start_pos	252453466	3k_main_shoufang_resource_2	3k_resource_metal_craftsmen_animal	primary
3k_dlc05_start_pos	253551374	3k_dlc06_xiapi_capital	3k_city	primary
3k_dlc05_start_pos	255990797	3k_main_luling_capital	3k_city	primary
3k_dlc05_start_pos	2607222	ironic_region_baekje_resource_2	3k_resource_bandit	secondary
3k_dlc05_start_pos	264854538	3k_main_bohai_capital	3k_districts	secondary
3k_dlc05_start_pos	264932133	3k_main_changsha_resource_1	3k_minor_port	port
3k_dlc05_start_pos	270623941	3k_main_jianye_capital	3k_city	primary
3k_dlc05_start_pos	273109438	3k_main_badong_capital	3k_districts_port	secondary
3k_dlc05_start_pos	275188110	3k_main_dongjun_resource_1	3k_resource_bandit	secondary
3k_dlc05_start_pos	277008200	ironic_region_baekje_resource_1	3k_resource_wood_farms_rice	primary
3k_dlc05_start_pos	279998790	3k_main_nanyang_resource_1	3k_resource_metal_jade	primary
3k_dlc05_start_pos	286153708	3k_main_donghai_resource_1	3k_resource_wood_fish	primary
3k_dlc05_start_pos	292080635	3k_main_jincheng_resource_1	3k_resource_fire_northern_horses	primary
3k_dlc05_start_pos	292321229	3k_main_jianan_resource_1	3k_resource_bandit	secondary
3k_dlc05_start_pos	29543864	3k_dlc06_liaodong_capital	3k_districts	secondary
3k_dlc05_start_pos	297376044	3k_dlc06_jianning_resource_3	3k_resource_metal_copper	primary
3k_dlc05_start_pos	304607280	3k_main_jianye_resource_2	3k_resource_bandit	secondary
3k_dlc05_start_pos	306596574	3k_main_shangyong_resource_2	3k_resource_bandit	secondary
3k_dlc05_start_pos	309218855	3k_main_jiangyang_capital	3k_dlc06_city_nanman	primary
3k_dlc05_start_pos	310580655	3k_main_badong_resource_2	3k_resource_wood_lumber_bamboo	primary
3k_dlc05_start_pos	311038323	3k_main_yangzhou_resource_2	3k_resource_bandit	secondary
3k_dlc05_start_pos	311785714	ironic_region_wuyuan_capital	3k_city	primary
3k_dlc05_start_pos	314518945	3k_main_donglai_capital	3k_province_capital_port	port
3k_dlc05_start_pos	315423233	3k_main_luoyang_capital	3k_districts	secondary
3k_dlc05_start_pos	315989853	3k_main_jiaozhi_capital	3k_city	primary
3k_dlc05_start_pos	317864186	3k_main_donghai_resource_1	3k_minor_port	port
3k_dlc05_start_pos	31923615	3k_main_daijun_capital	3k_city	primary
3k_dlc05_start_pos	329308199	3k_main_lujiang_resource_1	3k_resource_bandit	secondary
3k_dlc05_start_pos	331164031	3k_main_yulin_resource_1	3k_resource_water_trading_port	primary
3k_dlc05_start_pos	337028706	ironic_region_baekje_capital	3k_city	primary
3k_dlc05_start_pos	350211974	3k_main_zangke_resource_1	3k_resource_bandit	secondary
3k_dlc05_start_pos	354286513	3k_main_jincheng_capital	3k_province_capital_port	port
3k_dlc05_start_pos	358110337	3k_main_jianan_resource_2	3k_resource_wood_lumber_bamboo	primary
3k_dlc05_start_pos	359377123	3k_main_nanhai_resource_2	3k_resource_water_trading_port	primary
3k_dlc05_start_pos	362538933	3k_main_wudu_resource_2	3k_resource_metal_copper	primary
3k_dlc05_start_pos	363164999	ironic_region_xi_resource_1	3k_resource_fire_iron	primary
3k_dlc05_start_pos	364170602	3k_dlc06_jiuzhen_resource_1	3k_resource_bandit	secondary
3k_dlc05_start_pos	371467117	3k_main_yulin_resource_2	3k_resource_water_spice	primary
3k_dlc05_start_pos	372921081	3k_main_xindu_capital	3k_districts	secondary
3k_dlc05_start_pos	373178945	ironic_region_xiping_capital	3k_city	primary
3k_dlc05_start_pos	375405806	3k_main_luoyang_resource_1	3k_minor_port	port
3k_dlc05_start_pos	377054018	ironic_region_hanyang_resource_1	3k_resource_wood_livestock	primary
3k_dlc05_start_pos	382872753	ironic_region_jinbeongun_capital	3k_districts_port	secondary
3k_dlc05_start_pos	383387595	3k_main_bajun_resource_1	3k_resource_bandit	secondary
3k_dlc05_start_pos	383870667	3k_dlc06_yunnan_capital	3k_dlc06_city_nanman	primary
3k_dlc05_start_pos	384859714	3k_main_tongan_capital	3k_city	primary
3k_dlc05_start_pos	386942410	3k_main_changsha_resource_3	3k_resource_bandit	secondary
3k_dlc05_start_pos	387747816	ironic_region_dongokjeo_resource_2	3k_resource_fire_iron	primary
3k_dlc05_start_pos	390458244	ironic_region_hanyang_capital	3k_city	primary
3k_dlc05_start_pos	400735902	3k_main_wuwei_capital	3k_districts	secondary
3k_dlc05_start_pos	405427505	3k_main_wuwei_resource_1	3k_resource_fire_northern_horses	primary
3k_dlc05_start_pos	411991631	3k_dlc06_liaodong_resource_1	3k_resource_bandit	secondary
3k_dlc05_start_pos	414242666	ironic_region_lelang_resource_1	3k_resource_bandit	secondary
3k_dlc05_start_pos	415654534	3k_main_weijun_resource_1	3k_resource_wood_farms_grain	primary
3k_dlc05_start_pos	420819084	3k_main_wuwei_capital	3k_city	primary
3k_dlc05_start_pos	421434572	3k_main_dongjun_capital	3k_province_capital_port	port
3k_dlc05_start_pos	430275160	3k_main_luoyang_resource_1	3k_resource_bandit	secondary
3k_dlc05_start_pos	436890685	3k_main_penchang_capital	3k_districts	secondary
3k_dlc05_start_pos	43742894	3k_main_hepu_resource_1	3k_minor_port	port
3k_dlc05_start_pos	438400857	3k_main_yanmen_capital	3k_districts	secondary
3k_dlc05_start_pos	440832174	3k_main_beihai_capital	3k_districts	secondary
3k_dlc05_start_pos	441256877	3k_main_taishan_capital	3k_city	primary
3k_dlc05_start_pos	449535469	ironic_region_dongokjeo_capital	3k_districts	secondary
3k_dlc05_start_pos	45485741	3k_main_anding_resource_2	3k_resource_bandit	secondary
3k_dlc05_start_pos	457811366	3k_main_tongan_capital	3k_province_capital_port	port
3k_dlc05_start_pos	469292998	ironic_region_ye_capital	3k_districts	secondary
3k_dlc05_start_pos	473931365	3k_main_chenjun_resource_3	3k_resource_bandit	secondary
3k_dlc05_start_pos	475996517	3k_main_jianye_resource_2	3k_resource_metal_copper	primary
3k_dlc05_start_pos	47852594	3k_main_runan_resource_1	3k_resource_bandit	secondary
3k_dlc05_start_pos	480962557	3k_main_donglai_resource_1	3k_resource_wood_farms_grain	primary
3k_dlc05_start_pos	489923976	3k_main_jianning_resource_1	3k_resource_bandit	secondary
3k_dlc05_start_pos	496014028	3k_main_poyang_resource_3	3k_resource_metal_craftsmen_weapon	primary
3k_dlc05_start_pos	496420841	3k_main_jiangyang_resource_2	3k_resource_wood_lumber_pine	primary
3k_dlc05_start_pos	498958927	3k_main_guangling_resource_2	3k_resource_bandit	secondary
3k_dlc05_start_pos	501685820	ironic_region_wuyuan_capital	3k_districts	secondary
3k_dlc05_start_pos	507844086	3k_main_yingchuan_capital	3k_districts	secondary
3k_dlc05_start_pos	508151356	3k_main_yulin_resource_1	3k_resource_bandit	secondary
3k_dlc05_start_pos	509616654	3k_dlc06_jiuzhen_capital	3k_city	primary
3k_dlc05_start_pos	510389957	3k_main_yangzhou_resource_1	3k_resource_bandit	secondary
3k_dlc05_start_pos	510530186	3k_main_dongou_capital	3k_province_capital_port	port
3k_dlc05_start_pos	513346099	ironic_region_dongokjeo_resource_1	3k_resource_bandit	secondary
3k_dlc05_start_pos	523604063	3k_main_hepu_capital	3k_city	primary
3k_dlc05_start_pos	527152640	3k_main_runan_resource_1	3k_resource_fire_iron	primary
3k_dlc05_start_pos	534900968	3k_main_zhongshan_capital	3k_districts	secondary
3k_dlc05_start_pos	535405864	3k_main_xiangyang_resource_1	3k_resource_bandit	secondary
3k_dlc05_start_pos	540601092	3k_main_chengdu_capital	3k_districts	secondary
3k_dlc05_start_pos	54070288	ironic_region_lelang_capital	3k_city	primary
3k_dlc05_start_pos	545698388	3k_main_nanyang_resource_1	3k_resource_bandit	secondary
3k_dlc05_start_pos	561216677	3k_main_yanmen_resource_1	3k_resource_wood_lumber_pine	primary
3k_dlc05_start_pos	562485031	3k_main_badong_capital	3k_province_capital_port	port
3k_dlc05_start_pos	562488844	3k_dlc06_yunnan_capital	3k_districts	secondary
3k_dlc05_start_pos	564129154	3k_dlc06_jiameng_pass	3k_dlc06_gate	primary
3k_dlc05_start_pos	569929044	3k_main_hepu_resource_1	3k_resource_wood_fish	primary
3k_dlc05_start_pos	569973327	3k_main_lujiang_resource_2	3k_resource_wood_lumber_pine	primary
3k_dlc05_start_pos	57522960	3k_main_jianning_resource_2	3k_resource_bandit	secondary
3k_dlc05_start_pos	579544545	3k_main_hanzhong_capital	3k_city	primary
3k_dlc05_start_pos	597992218	3k_main_cangwu_capital	3k_city	primary
3k_dlc05_start_pos	599855931	ironic_region_gyeongju_capital	3k_districts	secondary
3k_dlc05_start_pos	605451851	3k_dlc06_jiuzhen_resource_1	3k_resource_wood_lumber_pine	primary
3k_dlc05_start_pos	608549838	3k_main_yingchuan_resource_1	3k_resource_wood_farms_grain	primary
3k_dlc05_start_pos	6106112	3k_main_wuwei_resource_1	3k_resource_bandit	secondary
3k_dlc05_start_pos	61061189	3k_main_jianning_capital	3k_districts	secondary
3k_dlc05_start_pos	623367870	3k_main_hepu_capital	3k_province_capital_port	port
3k_dlc05_start_pos	627435506	ironic_region_hanseong_resource_2	3k_resource_metal_tools	primary
3k_dlc05_start_pos	630168669	3k_main_jincheng_resource_2	3k_resource_bandit	secondary
3k_dlc05_start_pos	63410684	ironic_region_wuyuan_resource_1	3k_resource_wood_livestock	primary
3k_dlc05_start_pos	640106760	3k_main_gaoliang_capital	3k_districts	secondary
3k_dlc05_start_pos	643097636	3k_main_xindu_resource_1	3k_resource_bandit	secondary
3k_dlc05_start_pos	649716227	3k_main_badong_capital	3k_city	primary
3k_dlc05_start_pos	653925977	ironic_region_hanseong_capital	3k_districts	secondary
3k_dlc05_start_pos	655666905	3k_main_dongjun_capital	3k_districts_port	secondary
3k_dlc05_start_pos	660568530	3k_main_bohai_capital	3k_city	primary
3k_dlc05_start_pos	663097902	3k_main_jiaozhi_resource_1	3k_resource_bandit	secondary
3k_dlc05_start_pos	665601270	3k_main_taiyuan_capital	3k_districts	secondary
3k_dlc05_start_pos	66569236	ironic_region_ye_capital	3k_city	primary
3k_dlc05_start_pos	673980436	3k_main_yulin_capital	3k_districts	secondary
3k_dlc05_start_pos	67447355	3k_main_yulin_resource_2	3k_resource_bandit	secondary
3k_dlc05_start_pos	67896522	3k_main_donglai_capital	3k_city	primary
3k_dlc05_start_pos	681778913	3k_main_donghai_capital	3k_city	primary
3k_dlc05_start_pos	686394629	3k_main_jianan_capital	3k_districts	secondary
3k_dlc05_start_pos	688021319	3k_main_langye_resource_1	3k_resource_bandit	secondary
3k_dlc05_start_pos	689797697	3k_dlc06_hedong_resource_2	3k_resource_bandit	secondary
3k_dlc05_start_pos	695640235	3k_main_hanzhong_resource_1	3k_resource_bandit	secondary
3k_dlc05_start_pos	697875830	3k_dlc06_jiaozhi_resource_3	3k_resource_wood_lumber_pine	primary
3k_dlc05_start_pos	70065672	3k_dlc06_gu_pass	3k_dlc06_gate	primary
3k_dlc05_start_pos	701189231	3k_main_baxi_resource_1	3k_resource_metal_tools	primary
3k_dlc05_start_pos	705554928	3k_main_pingyuan_capital	3k_city	primary
3k_dlc05_start_pos	70732963	ironic_region_hyunto_resource_1	3k_resource_bandit	secondary
3k_dlc05_start_pos	724042526	3k_dlc06_jiameng_pass	ironic_gate_buildings	secondary
3k_dlc05_start_pos	729733668	3k_main_donglai_capital	3k_districts_port	secondary
3k_dlc05_start_pos	729946141	ironic_region_gyeongju_resource_1	3k_resource_wood_livestock	primary
3k_dlc05_start_pos	740484853	3k_main_cangwu_resource_1	3k_resource_bandit	secondary
3k_dlc05_start_pos	747154976	3k_main_youzhou_resource_1	3k_resource_fire_iron	primary
3k_dlc05_start_pos	748668831	3k_main_chenjun_capital	3k_districts	secondary
3k_dlc05_start_pos	750307293	3k_main_jianye_capital	3k_districts_port	secondary
3k_dlc05_start_pos	751211186	3k_dlc06_san_pass	3k_dlc06_gate	primary
3k_dlc05_start_pos	754499207	3k_main_jincheng_resource_1	3k_resource_bandit	secondary
3k_dlc05_start_pos	755783215	3k_dlc06_yunnan_resource_1	3k_resource_bandit	secondary
3k_dlc05_start_pos	759442174	3k_main_chenjun_resource_2	3k_resource_bandit	secondary
3k_dlc05_start_pos	763422743	3k_main_shangdang_capital	3k_districts	secondary
3k_dlc05_start_pos	764262232	3k_main_badong_resource_1	3k_resource_bandit	secondary
3k_dlc05_start_pos	76873987	3k_main_baxi_resource_2	3k_resource_wood_farms_grain	primary
3k_dlc05_start_pos	776380419	3k_main_donghai_capital	3k_districts	secondary
3k_dlc05_start_pos	776520138	ironic_region_xiping_capital	3k_districts	secondary
3k_dlc05_start_pos	786311559	3k_main_shangyong_resource_2	3k_resource_metal_craftsmen_weapon	primary
3k_dlc05_start_pos	791466549	3k_main_chenjun_resource_3	3k_resource_wood_lumber_pine	primary
3k_dlc05_start_pos	791876619	3k_dlc06_wu_pass	ironic_gate_buildings	secondary
3k_dlc05_start_pos	797472341	3k_main_wuling_capital	3k_dlc06_city_nanman	primary
3k_dlc05_start_pos	80789284	3k_main_penchang_resource_1	3k_resource_bandit	secondary
3k_dlc05_start_pos	824732438	3k_main_changan_capital	3k_districts	secondary
3k_dlc05_start_pos	825457444	3k_dlc06_liaodong_capital	3k_city	primary
3k_dlc05_start_pos	828864149	3k_main_anping_resource_1	3k_resource_bandit	secondary
3k_dlc05_start_pos	837346195	3k_main_yizhou_island_resource_1	3k_resource_bandit	secondary
3k_dlc05_start_pos	85095345	ironic_region_baek_resource_1	3k_resource_bandit	secondary
3k_dlc05_start_pos	851017279	3k_main_zangke_resource_2	3k_resource_bandit	secondary
3k_dlc05_start_pos	857001100	3k_dlc06_hangu_pass	ironic_gate_buildings	secondary
3k_dlc05_start_pos	857899149	ironic_region_jinbeongun_resource_1	3k_resource_wood_lumber_pine	primary
3k_dlc05_start_pos	860610486	3k_main_yuzhang_capital	3k_districts	secondary
3k_dlc05_start_pos	868782201	3k_main_langye_resource_1	3k_resource_wood_lumber_pine	primary
3k_dlc05_start_pos	869763097	3k_main_weijun_capital	3k_city	primary
3k_dlc05_start_pos	885011481	3k_main_zangke_capital	3k_dlc06_city_nanman	primary
3k_dlc05_start_pos	885568383	3k_main_luling_capital	3k_districts	secondary
3k_dlc05_start_pos	893663991	3k_dlc06_hedong_resource_2	3k_resource_fire_iron	primary
3k_dlc05_start_pos	906234211	3k_main_beihai_resource_1	3k_resource_wood_livestock	primary
3k_dlc05_start_pos	908617582	ironic_region_hanseong_resource_1	3k_resource_bandit	secondary
3k_dlc05_start_pos	912412684	3k_main_wuling_resource_2	3k_resource_metal_tools	primary
3k_dlc05_start_pos	913753356	ironic_region_xi_capital	3k_districts	secondary
3k_dlc05_start_pos	916297341	3k_main_langye_resource_2	3k_resource_wood_fish	primary
3k_dlc05_start_pos	917159805	3k_main_nanhai_resource_1	3k_resource_wood_farms_rice	primary
3k_dlc05_start_pos	920352333	3k_main_xihe_capital	3k_city	primary
3k_dlc05_start_pos	922614841	ironic_region_kimhae_resource_1	3k_minor_port	port
3k_dlc05_start_pos	923534164	3k_main_hanzhong_resource_1	3k_resource_water_silk	primary
3k_dlc05_start_pos	924956301	3k_main_langye_resource_2	3k_resource_bandit	secondary
3k_dlc05_start_pos	9252769	3k_main_chengdu_resource_2	3k_resource_bandit	secondary
3k_dlc05_start_pos	927787093	ironic_region_dongokjeo_resource_1	3k_resource_water_trading_port	primary
3k_dlc05_start_pos	933962150	ironic_region_baek_resource_2	3k_resource_bandit	secondary
3k_dlc05_start_pos	937462917	3k_main_xihe_resource_1	3k_resource_bandit	secondary
3k_dlc05_start_pos	94160449	ironic_region_hyunto_resource_2	3k_resource_fire_iron	primary
3k_dlc05_start_pos	944564513	ironic_region_baekje_capital	3k_districts	secondary
3k_dlc05_start_pos	948400654	ironic_region_hyunto_resource_1	3k_resource_wood_lumber_pine	primary
3k_dlc05_start_pos	952439708	3k_main_beihai_capital	3k_city	primary
3k_dlc05_start_pos	953538018	3k_main_wudu_capital	3k_districts	secondary
3k_dlc05_start_pos	955839965	3k_main_bajun_resource_1	3k_resource_wood_farms_grain	primary
3k_dlc05_start_pos	963214707	3k_main_wuling_resource_1	3k_resource_wood_farms_rice	primary
3k_dlc05_start_pos	963832335	3k_main_xiangyang_resource_1	3k_resource_metal_tools	primary
3k_dlc05_start_pos	967808989	3k_dlc06_kui_pass	ironic_gate_buildings	secondary
3k_dlc05_start_pos	968603693	3k_main_zhongshan_capital	3k_city	primary
3k_dlc05_start_pos	975462948	3k_main_jingzhou_capital	3k_city	primary
3k_dlc05_start_pos	984973540	ironic_region_gyeongju_capital	3k_city	primary
3k_dlc05_start_pos	990599672	ironic_region_baek_capital	3k_districts_port	secondary
3k_dlc05_start_pos	991662773	3k_main_cangwu_resource_1	3k_resource_wood_farms_rice	primary
3k_dlc05_start_pos	992577513	3k_main_jiangyang_resource_2	3k_resource_bandit	secondary
3k_dlc05_start_pos	993415684	ironic_region_ye_resource_1	3k_minor_port	port
3k_dlc05_start_pos	993793313	3k_main_jincheng_capital	3k_city	primary
3k_dlc05_start_pos	997003308	3k_main_jiangxia_capital	3k_city	primary
3k_dlc05_start_pos	997991737	ironic_region_lelang_resource_1	3k_minor_port	port
