ID	faction	campaign	playable	treasury	starting_order	government_type	state_religion	is_major	difficulty	ai_manager	prestige_army	prestige_navy	prestige_economy	prestige_enlightenment	honour	cai_starting_personality	long_description	can_ever_convert_religion	cdir_military_generator_config	cai_personality_group	ceo_initial_data	faction_potential	starting_tech_cooldown_turns
#start_pos_factions_tables;21;db/start_pos_factions_tables/data_3k_dlc05_start_pos																							
1002191297	3k_main_faction_yulin	3k_dlc05_start_pos	false	2000	105	gov_absolute_monarchy	3k_main_confucianism	false		default	0	0	0	0	50		placeholder	false	default	minor	3k_main_ceo_initial_data_faction_generic	faction_potential_minor	3
1033577648	3k_dlc05_faction_xu_zhao_separatists	3k_dlc05_start_pos	false	2000	109	gov_absolute_monarchy	3k_main_confucianism	false		default	0	0	0	0	50		placeholder	false	default	minor	3k_main_ceo_initial_data_faction_generic	faction_potential_minor	3
1038206393	3k_main_faction_zhongshan	3k_dlc05_start_pos	false	2000	72	gov_absolute_monarchy	3k_main_confucianism	false		default	0	0	0	0	50		placeholder	false	default	minor	3k_main_ceo_initial_data_faction_generic	faction_potential_minor	3
1041915434	3k_dlc06_faction_nanman_ahuinan_separatists	3k_dlc05_start_pos	false	2000	606	gov_absolute_monarchy	3k_main_confucianism	true		default	0	0	0	0	50		placeholder	false	3k_dlc06_nanman_default	nanman_minor	3k_dlc06_initial_data_faction_nanman_generic		0
1053054645	3k_main_faction_hepu	3k_dlc05_start_pos	false	2000	84	gov_absolute_monarchy	3k_main_confucianism	false		default	0	0	0	0	50		placeholder	false	default	minor	3k_main_ceo_initial_data_faction_generic	faction_potential_minor	3
1057881890	3k_dlc05_faction_hua_xin	3k_dlc05_start_pos	false	2000	15	gov_absolute_monarchy	3k_main_confucianism	false		default	0	0	0	0	50		placeholder	false	default	minor	3k_main_ceo_initial_data_faction_generic	faction_potential_minor	3
1061230492	3k_main_faction_youzhou_separatists	3k_dlc05_start_pos	false	2000	209	gov_absolute_monarchy	3k_main_confucianism	false		default	0	0	0	0	50		placeholder	false	default	minor	3k_main_ceo_initial_data_faction_generic	faction_potential_minor	3
1065829654	3k_dlc05_faction_xue_li_separatists	3k_dlc05_start_pos	false	2000	110	gov_absolute_monarchy	3k_main_confucianism	false		default	0	0	0	0	50		placeholder	false	default	minor	3k_main_ceo_initial_data_faction_generic	faction_potential_minor	3
1078571906	3k_dlc06_faction_nanman_lady_zhurong	3k_dlc05_start_pos	true	2000	501	gov_absolute_monarchy	3k_main_confucianism	true		default	0	0	0	0	50		placeholder	false	3k_dlc06_nanman_default	major	3k_dlc06_initial_data_faction_nanman_lady_zhurong	faction_potential_dlc06_nanman_lady_zhurong	0
1080267610	3k_main_faction_liu_yan_separatists	3k_dlc05_start_pos	false	2000	152	gov_absolute_monarchy	3k_main_confucianism	false		default	0	0	0	0	50		placeholder	false	default	minor	3k_main_ceo_initial_data_faction_generic	faction_potential_minor	3
1090469658	3k_main_faction_daijun_separatists	3k_dlc05_start_pos	false	2000	130	gov_absolute_monarchy	3k_main_confucianism	false		default	0	0	0	0	50		placeholder	false	default	minor	3k_main_ceo_initial_data_faction_generic	faction_potential_minor	3
1097865979	3k_main_faction_cangwu	3k_dlc05_start_pos	false	2000	76	gov_absolute_monarchy	3k_main_confucianism	false		default	0	0	0	0	50		placeholder	false	default	minor	3k_main_ceo_initial_data_faction_generic	faction_potential_minor	3
1102780218	3k_dlc06_faction_xiapi	3k_dlc05_start_pos	false	2000	2510	gov_absolute_monarchy	3k_main_confucianism	false		default	0	0	0	0	50		placeholder	false	default	minor	3k_main_ceo_initial_data_faction_generic	faction_potential_minor	3
111765742	3k_dlc06_faction_nanman_zangke_separatists	3k_dlc05_start_pos	false	2000	618	gov_absolute_monarchy	3k_main_confucianism	true		default	0	0	0	0	50		placeholder	false	3k_dlc06_nanman_default	nanman_minor	3k_dlc06_initial_data_faction_nanman_generic		0
1122341870	3k_dlc06_faction_nanman_ahuinan	3k_dlc05_start_pos	false	2000	506	gov_absolute_monarchy	3k_main_confucianism	false		default	0	0	0	0	50		placeholder	false	3k_dlc06_nanman_default	nanman_minor	3k_dlc06_initial_data_faction_nanman_ahuinan	faction_potential_minor	0
1122483592	3k_main_faction_huang_zu_separatists	3k_dlc05_start_pos	false	2000	142	gov_absolute_monarchy	3k_main_confucianism	false		default	0	0	0	0	50		placeholder	false	default	minor	3k_main_ceo_initial_data_faction_generic	faction_potential_minor	3
1128514754	3k_dlc05_faction_zhu_fu	3k_dlc05_start_pos	false	2000	16	gov_absolute_monarchy	3k_main_confucianism	false		default	0	0	0	0	50		placeholder	false	default	minor	3k_main_ceo_initial_data_faction_generic	faction_potential_minor	3
1141015504	3k_main_faction_yingchuan	3k_dlc05_start_pos	false	2000	68	gov_absolute_monarchy	3k_main_confucianism	false		default	0	0	0	0	50		placeholder	false	default	minor	3k_main_ceo_initial_data_faction_generic	faction_potential_minor	3
1148347679	3k_main_faction_hedong_separatists	3k_dlc05_start_pos	false	2000	191	gov_absolute_monarchy	3k_main_confucianism	false		default	0	0	0	0	50		placeholder	false	default	minor	3k_main_ceo_initial_data_faction_generic	faction_potential_minor	3
1153204869	3k_main_faction_yizhou	3k_dlc05_start_pos	false	2000	103	gov_absolute_monarchy	3k_main_confucianism	false		default	0	0	0	0	50		placeholder	false	default	minor	3k_main_ceo_initial_data_faction_generic	faction_potential_minor	3
1165847710	3k_dlc05_faction_xue_li	3k_dlc05_start_pos	false	2000	17	gov_absolute_monarchy	3k_main_confucianism	false		default	0	0	0	0	50		placeholder	false	default	minor	3k_main_ceo_initial_data_faction_generic	faction_potential_minor	3
1169017066	3k_main_faction_luoyang_separatists	3k_dlc05_start_pos	false	2000	199	gov_absolute_monarchy	3k_main_confucianism	false		default	0	0	0	0	50		placeholder	false	default	minor	3k_main_ceo_initial_data_faction_generic	faction_potential_minor	3
1170841801	3k_main_faction_zangke_separatists	3k_dlc05_start_pos	false	2000	211	gov_absolute_monarchy	3k_main_confucianism	false		default	0	0	0	0	50		placeholder	false	default	minor	3k_main_ceo_initial_data_faction_generic	faction_potential_minor	3
1173609757	3k_main_faction_yanmen	3k_dlc05_start_pos	false	2000	67	gov_absolute_monarchy	3k_main_confucianism	false		default	0	0	0	0	50		placeholder	false	default	minor	3k_main_ceo_initial_data_faction_generic	faction_potential_minor	3
1180531324	3k_dlc06_faction_nanman_xi_ni_separatists	3k_dlc05_start_pos	false	2000	614	gov_absolute_monarchy	3k_main_confucianism	true		default	0	0	0	0	50		placeholder	false	3k_dlc06_nanman_default	nanman_minor	3k_dlc06_initial_data_faction_nanman_generic		0
119068888	3k_main_faction_jiangxia	3k_dlc05_start_pos	false	2000	85	gov_absolute_monarchy	3k_main_confucianism	false		default	0	0	0	0	50		placeholder	false	default	minor	3k_main_ceo_initial_data_faction_generic	faction_potential_minor	3
1203156239	3k_main_faction_wuwei	3k_dlc05_start_pos	false	2000	99	gov_absolute_monarchy	3k_main_confucianism	false		default	0	0	0	0	50		placeholder	false	default	minor	3k_main_ceo_initial_data_faction_generic	faction_potential_minor	3
1207831667	3k_dlc06_faction_nanman_jiangyang	3k_dlc05_start_pos	false	2000	508	gov_absolute_monarchy	3k_main_confucianism	false		default	0	0	0	0	50		placeholder	false	3k_dlc06_nanman_default	nanman_minor	3k_dlc06_initial_data_faction_nanman_jiangyang	faction_potential_minor	0
1214152664	3k_dlc05_faction_xu_gong_separatists	3k_dlc05_start_pos	false	2000	111	gov_absolute_monarchy	3k_main_confucianism	false		default	0	0	0	0	50		placeholder	false	default	minor	3k_main_ceo_initial_data_faction_generic	faction_potential_minor	3
1214339778	3k_main_faction_wang_lang_separatists	3k_dlc05_start_pos	false	2000	163	gov_absolute_monarchy	3k_main_confucianism	false		default	0	0	0	0	50		placeholder	false	default	minor	3k_main_ceo_initial_data_faction_generic	faction_potential_minor	3
1215135223	3k_main_faction_zhang_yang	3k_dlc05_start_pos	false	2000	32	gov_absolute_monarchy	3k_main_confucianism	false		default	0	0	0	0	50		placeholder	false	default	minor	3k_main_ceo_initial_data_faction_zhang_yang	faction_potential_minor	3
1215847010	3k_dlc05_faction_shi_huang	3k_dlc05_start_pos	false	2000	18	gov_absolute_monarchy	3k_main_confucianism	false		default	0	0	0	0	50		placeholder	false	default	minor	3k_main_ceo_initial_data_faction_generic	faction_potential_minor	3
1224599338	3k_dlc05_faction_lu_bu_separatists	3k_dlc05_start_pos	false	2000	112	gov_absolute_monarchy	3k_main_confucianism	false		default	0	0	0	0	50		placeholder	false	default	minor	3k_main_ceo_initial_data_faction_generic	faction_potential_minor	3
1229311383	3k_main_faction_jiangxia_separatists	3k_dlc05_start_pos	false	2000	193	gov_absolute_monarchy	3k_main_confucianism	false		default	0	0	0	0	50		placeholder	false	default	minor	3k_main_ceo_initial_data_faction_generic	faction_potential_minor	3
1232009874	3k_main_faction_kuaiji_separatists	3k_dlc05_start_pos	false	2000	148	gov_absolute_monarchy	3k_main_confucianism	false		default	0	0	0	0	50		placeholder	false	default	minor	3k_main_ceo_initial_data_faction_generic	faction_potential_minor	3
1249517130	3k_main_faction_pingyuan	3k_dlc05_start_pos	false	2000	93	gov_absolute_monarchy	3k_main_confucianism	false		default	0	0	0	0	50		placeholder	false	default	minor	3k_main_ceo_initial_data_faction_generic	faction_potential_minor	3
1255154521	3k_main_faction_jincheng	3k_dlc05_start_pos	false	2000	52	gov_absolute_monarchy	3k_main_confucianism	false		default	0	0	0	0	50		placeholder	false	default	minor	3k_main_ceo_initial_data_faction_generic	faction_potential_minor	3
1268618113	3k_main_faction_yu_separatists	3k_dlc05_start_pos	false	2000	171	gov_absolute_monarchy	3k_main_confucianism	false		default	0	0	0	0	50		placeholder	false	default	minor	3k_main_ceo_initial_data_faction_generic	faction_potential_minor	3
1271472376	3k_dlc05_faction_shi_yi_separatists	3k_dlc05_start_pos	false	2000	113	gov_absolute_monarchy	3k_main_confucianism	false		default	0	0	0	0	50		placeholder	false	default	minor	3k_main_ceo_initial_data_faction_generic	faction_potential_minor	3
1283155384	3k_main_faction_hepu_separatists	3k_dlc05_start_pos	false	2000	192	gov_absolute_monarchy	3k_main_confucianism	false		default	0	0	0	0	50		placeholder	false	default	minor	3k_main_ceo_initial_data_faction_generic	faction_potential_minor	3
1284730620	3k_main_faction_jincheng_separatists	3k_dlc05_start_pos	false	2000	146	gov_absolute_monarchy	3k_main_confucianism	false		default	0	0	0	0	50		placeholder	false	default	minor	3k_main_ceo_initial_data_faction_generic	faction_potential_minor	3
128917727	3k_main_faction_zhang_separatists	3k_dlc05_start_pos	false	2000	176	gov_absolute_monarchy	3k_main_taoist	false		default	0	0	0	0	50		placeholder	false	default	minor	3k_main_ceo_initial_data_faction_generic	faction_potential_minor	3
1292228928	3k_main_faction_ba_separatists	3k_dlc05_start_pos	false	2000	182	gov_absolute_monarchy	3k_main_confucianism	false		default	0	0	0	0	50		placeholder	false	default	minor	3k_main_ceo_initial_data_faction_generic	faction_potential_minor	3
1292486257	3k_dlc05_faction_yang_feng	3k_dlc05_start_pos	false	2000	19	gov_absolute_monarchy	3k_main_confucianism	false		default	0	0	0	0	50		placeholder	false	default	minor	3k_main_ceo_initial_data_faction_generic	faction_potential_minor	3
1309103772	3k_main_faction_runan	3k_dlc05_start_pos	false	2000	94	gov_absolute_monarchy	3k_main_confucianism	false		default	0	0	0	0	50		placeholder	false	default	minor	3k_main_ceo_initial_data_faction_generic	faction_potential_minor	3
1309197914	3k_main_faction_zhang_yang_separatists	3k_dlc05_start_pos	false	2000	178	gov_absolute_monarchy	3k_main_confucianism	false		default	0	0	0	0	50		placeholder	false	default	minor	3k_main_ceo_initial_data_faction_generic	faction_potential_minor	3
1320350321	3k_main_faction_kong_rong_separatists	3k_dlc05_start_pos	false	2000	147	gov_absolute_monarchy	3k_main_confucianism	false		default	0	0	0	0	50		placeholder	false	default	major	3k_main_ceo_initial_data_faction_generic	faction_potential_minor	3
1349836730	3k_main_faction_wudu_separatists	3k_dlc05_start_pos	false	2000	203	gov_absolute_monarchy	3k_main_confucianism	false		default	0	0	0	0	50		placeholder	false	default	minor	3k_main_ceo_initial_data_faction_generic	faction_potential_minor	3
1369615677	3k_main_faction_zheng_jiang	3k_dlc05_start_pos	true	2000	10	gov_absolute_monarchy	3k_main_confucianism	true	hard	default	0	0	0	0	50		placeholder	false	3k_wood_config	minor_hard	3k_main_ceo_initial_data_faction_zheng_jiang	faction_potential_zheng_jiang	0
1372633959	3k_main_faction_xindu	3k_dlc05_start_pos	false	2000	66	gov_absolute_monarchy	3k_main_confucianism	false		default	0	0	0	0	50		placeholder	false	default	minor	3k_main_ceo_initial_data_faction_generic	faction_potential_minor	3
1375613527	3k_main_faction_ye	3k_dlc05_start_pos	false	2000	102	gov_absolute_monarchy	3k_main_confucianism	false		default	0	0	0	0	50		placeholder	false	default	minor	3k_main_ceo_initial_data_faction_generic	faction_potential_minor	3
1394022479	3k_main_faction_shangdang_separatists	3k_dlc05_start_pos	false	2000	159	gov_absolute_monarchy	3k_main_confucianism	false		default	0	0	0	0	50		placeholder	false	default	minor	3k_main_ceo_initial_data_faction_generic	faction_potential_minor	3
1397132702	3k_dlc06_faction_nanman_mangyachang_separatists	3k_dlc05_start_pos	false	2000	612	gov_absolute_monarchy	3k_main_confucianism	true		default	0	0	0	0	50		placeholder	false	3k_dlc06_nanman_default	nanman_minor	3k_dlc06_initial_data_faction_nanman_generic		0
1401753635	3k_dlc05_faction_tian_kai_separatists	3k_dlc05_start_pos	false	2000	114	gov_absolute_monarchy	3k_main_confucianism	false		default	0	0	0	0	50		placeholder	false	default	minor	3k_main_ceo_initial_data_faction_generic	faction_potential_minor	3
1411684325	3k_dlc06_faction_nanman_king_duosi_separatists	3k_dlc05_start_pos	false	2000	605	gov_absolute_monarchy	3k_main_confucianism	true		default	0	0	0	0	50		placeholder	false	3k_dlc06_nanman_default	nanman_minor	3k_dlc06_initial_data_faction_nanman_generic		0
142518167	3k_main_faction_donghai	3k_dlc05_start_pos	false	2000	79	gov_absolute_monarchy	3k_main_confucianism	false		default	0	0	0	0	50		placeholder	false	default	minor	3k_main_ceo_initial_data_faction_generic	faction_potential_minor	3
1432520402	3k_dlc05_faction_white_tiger_yan_separatists	3k_dlc05_start_pos	false	2000	115	gov_absolute_monarchy	3k_main_confucianism	false		default	0	0	0	0	50		placeholder	false	default	minor	3k_main_ceo_initial_data_faction_generic	faction_potential_minor	0
1444265389	3k_main_faction_taiyuan_separatists	3k_dlc05_start_pos	false	2000	162	gov_absolute_monarchy	3k_main_confucianism	false		default	0	0	0	0	50		placeholder	false	default	minor	3k_main_ceo_initial_data_faction_generic	faction_potential_minor	3
1445750999	3k_main_faction_kuaiji	3k_dlc05_start_pos	false	2000	53	gov_absolute_monarchy	3k_main_confucianism	false		default	0	0	0	0	50		placeholder	false	default	minor	3k_main_ceo_initial_data_faction_generic	faction_potential_minor	3
1448034462	3k_dlc05_faction_xu_zhao	3k_dlc05_start_pos	false	2000	20	gov_absolute_monarchy	3k_main_confucianism	false		default	0	0	0	0	50		placeholder	false	default	minor	3k_main_ceo_initial_data_faction_generic	faction_potential_minor	3
1452188968	3k_main_faction_yellow_turban_generic	3k_dlc05_start_pos	false	2000	107	gov_absolute_monarchy	3k_main_yellow_turban	false		default	0	0	0	0	50		placeholder	false	3k_yellow_turban_config	yellow_turban	3k_ytr_ceo_initial_data_faction_yellow_turban_generic	faction_potential_minor	0
1453918529	3k_main_faction_guangling_separatists	3k_dlc05_start_pos	false	2000	190	gov_absolute_monarchy	3k_main_confucianism	false		default	0	0	0	0	50		placeholder	false	default	minor	3k_main_ceo_initial_data_faction_generic	faction_potential_minor	3
1461476110	3k_dlc05_faction_wu_jing_separatists	3k_dlc05_start_pos	false	2000	214	gov_absolute_monarchy	3k_main_confucianism	false		default	0	0	0	0	50		placeholder	false	default	minor	3k_main_ceo_initial_data_faction_generic	faction_potential_minor	3
1470816964	3k_main_faction_han_empire_separatists	3k_dlc05_start_pos	false	2000	138	gov_absolute_monarchy	3k_main_confucianism	false		default	0	0	0	0	50		placeholder	false	default	han_empire	3k_main_ceo_initial_data_faction_generic	faction_potential_minor	3
1473009326	3k_main_faction_fuling_separatists	3k_dlc05_start_pos	false	2000	189	gov_absolute_monarchy	3k_main_confucianism	false		default	0	0	0	0	50		placeholder	false	default	minor	3k_main_ceo_initial_data_faction_generic	faction_potential_minor	3
1476160593	3k_main_faction_liu_bei	3k_dlc05_start_pos	true	4500	21	gov_absolute_monarchy	3k_main_confucianism	true	easy	default	0	0	0	0	50		placeholder	false	3k_earth_config	major	3k_main_ceo_initial_data_faction_liu_bei	faction_potential_liu_bei	3
1479769229	3k_main_faction_gaoliang_separatists	3k_dlc05_start_pos	false	2000	135	gov_absolute_monarchy	3k_main_confucianism	false		default	0	0	0	0	50		placeholder	false	default	minor	3k_main_ceo_initial_data_faction_generic	faction_potential_minor	3
1483224071	3k_main_faction_shangyong	3k_dlc05_start_pos	false	2000	95	gov_absolute_monarchy	3k_main_confucianism	false		default	0	0	0	0	50		placeholder	false	default	minor	3k_main_ceo_initial_data_faction_generic	faction_potential_minor	3
148755781	3k_main_faction_nanhai	3k_dlc05_start_pos	false	2000	56	gov_absolute_monarchy	3k_main_confucianism	false		default	0	0	0	0	50		placeholder	false	default	minor	3k_main_ceo_initial_data_faction_generic	faction_potential_minor	3
1490663759	3k_main_faction_anping_separatists	3k_dlc05_start_pos	false	2000	181	gov_absolute_monarchy	3k_main_confucianism	false		default	0	0	0	0	50		placeholder	false	default	minor	3k_main_ceo_initial_data_faction_generic	faction_potential_minor	3
1495054683	3k_dlc04_faction_prince_liu_chong	3k_dlc05_start_pos	true	2000	217	gov_absolute_monarchy	3k_main_confucianism	false		default	0	0	0	0	50		placeholder	false	default	major	3k_dlc04_initial_data_faction_prince_liu_chong	faction_potential_minor	3
1496207073	3k_main_faction_bohai	3k_dlc05_start_pos	false	2000	39	gov_absolute_monarchy	3k_main_confucianism	false		default	0	0	0	0	50		placeholder	false	default	minor	3k_main_ceo_initial_data_faction_generic	faction_potential_minor	3
152364057	3k_dlc06_faction_nanman_dongtuna_separatists	3k_dlc05_start_pos	false	2000	607	gov_absolute_monarchy	3k_main_confucianism	true		default	0	0	0	0	50		placeholder	false	3k_dlc06_nanman_default	nanman_minor	3k_dlc06_initial_data_faction_nanman_generic		0
1528551782	3k_main_faction_zhang_yan	3k_dlc05_start_pos	true	2000	31	gov_absolute_monarchy	3k_main_confucianism	true		default	0	0	0	0	50		placeholder	false	3k_wood_config	minor_hard	3k_main_ceo_initial_data_faction_zhang_yan	faction_potential_zhang_yan	0
1530303767	3k_dlc06_faction_nanman_dongtuna	3k_dlc05_start_pos	false	2000	507	gov_absolute_monarchy	3k_main_confucianism	false		default	0	0	0	0	50		placeholder	false	3k_dlc06_nanman_default	nanman_minor	3k_dlc06_initial_data_faction_nanman_dongtuna	faction_potential_minor	0
1537823969	3k_main_faction_wuwei_separatists	3k_dlc05_start_pos	false	2000	204	gov_absolute_monarchy	3k_main_confucianism	false		default	0	0	0	0	50		placeholder	false	default	minor	3k_main_ceo_initial_data_faction_generic	faction_potential_minor	3
1543645851	3k_dlc06_faction_nanman_jiangyang_separatists	3k_dlc05_start_pos	false	2000	608	gov_absolute_monarchy	3k_main_confucianism	true		default	0	0	0	0	50		placeholder	false	3k_dlc06_nanman_default	nanman_minor	3k_dlc06_initial_data_faction_nanman_generic		0
1550803628	3k_main_faction_nanyang_separatists	3k_dlc05_start_pos	false	2000	200	gov_absolute_monarchy	3k_main_confucianism	false		default	0	0	0	0	50		placeholder	false	default	minor	3k_main_ceo_initial_data_faction_generic	faction_potential_minor	3
155223631	3k_dlc06_faction_nanman_yunnan	3k_dlc05_start_pos	false	2000	517	gov_absolute_monarchy	3k_main_confucianism	false		default	0	0	0	0	50		placeholder	false	3k_dlc06_nanman_default	nanman_minor	3k_dlc06_initial_data_faction_nanman_yunnan	faction_potential_minor	0
1553414772	3k_dlc06_faction_nanman_mangyachang	3k_dlc05_start_pos	false	2000	512	gov_absolute_monarchy	3k_main_confucianism	false		default	0	0	0	0	50		placeholder	false	3k_dlc06_nanman_default	nanman_minor	3k_dlc06_initial_data_faction_nanman_mangyachang	faction_potential_minor	0
1558057080	3k_dlc05_faction_sun_ce_separatists	3k_dlc05_start_pos	false	2000	116	gov_absolute_monarchy	3k_main_confucianism	false		default	0	0	0	0	50		placeholder	false	default	minor	3k_main_ceo_initial_data_faction_generic	faction_potential_minor	3
1571440621	3k_dlc06_faction_nanman_rebels	3k_dlc05_start_pos	false	2000	700	gov_absolute_monarchy	3k_main_confucianism	true		default	0	0	0	0	50		placeholder	false	3k_dlc06_nanman_default	nanman_minor	3k_dlc06_initial_data_faction_nanman_generic		0
1573777157	3k_main_faction_badong_separatists	3k_dlc05_start_pos	false	2000	124	gov_absolute_monarchy	3k_main_confucianism	false		default	0	0	0	0	50		placeholder	false	default	minor	3k_main_ceo_initial_data_faction_generic	faction_potential_minor	3
1575027690	3k_main_faction_yuan_shao	3k_dlc05_start_pos	true	8000	5	gov_absolute_monarchy	3k_main_confucianism	true	normal	default	0	0	0	0	50		placeholder	false	3k_earth_config	major	3k_main_ceo_initial_data_faction_yuan_shao	faction_potential_yuan_shao	3
1589383009	3k_main_faction_daijun	3k_dlc05_start_pos	false	2000	42	gov_absolute_monarchy	3k_main_confucianism	false		default	0	0	0	0	50		placeholder	false	default	minor	3k_main_ceo_initial_data_faction_generic	faction_potential_minor	3
1590378029	3k_main_faction_xihe	3k_dlc05_start_pos	false	2000	100	gov_absolute_monarchy	3k_main_confucianism	false		default	0	0	0	0	50		placeholder	false	default	minor	3k_main_ceo_initial_data_faction_generic	faction_potential_minor	3
1592090591	3k_main_faction_hanzhong_separatists	3k_dlc05_start_pos	false	2000	140	gov_absolute_monarchy	3k_main_confucianism	false		default	0	0	0	0	50		placeholder	false	default	minor	3k_main_ceo_initial_data_faction_generic	faction_potential_minor	3
1603657641	3k_main_faction_dong_separatists	3k_dlc05_start_pos	false	2000	131	gov_absolute_monarchy	3k_main_confucianism	false		default	0	0	0	0	50		placeholder	false	default	major	3k_main_ceo_initial_data_faction_generic	faction_potential_minor	3
1612425976	3k_dlc06_faction_nanman_king_meng_huo	3k_dlc05_start_pos	true	2000	500	gov_absolute_monarchy	3k_main_confucianism	true		default	0	0	0	0	50		placeholder	false	3k_dlc06_nanman_default	major	3k_dlc06_initial_data_faction_nanman_king_meng_huo	faction_potential_dlc06_nanman_king_meng_huo	0
1618867923	3k_main_faction_henei	3k_dlc05_start_pos	false	2000	48	gov_absolute_monarchy	3k_main_confucianism	false		default	0	0	0	0	50		placeholder	false	default	minor	3k_main_ceo_initial_data_faction_generic	faction_potential_minor	3
1625784892	3k_dlc05_faction_zang_ba	3k_dlc05_start_pos	false	2000	215	gov_absolute_monarchy	3k_main_confucianism	false		default	0	0	0	0	50		placeholder	false	default	minor	3k_main_ceo_initial_data_faction_generic	faction_potential_minor	3
1626275715	3k_main_faction_shangyong_separatists	3k_dlc05_start_pos	false	2000	200	gov_absolute_monarchy	3k_main_confucianism	false		default	0	0	0	0	50		placeholder	false	default	minor	3k_main_ceo_initial_data_faction_generic	faction_potential_minor	3
1629995076	3k_main_faction_yuan_separatists	3k_dlc05_start_pos	false	2000	172	gov_absolute_monarchy	3k_main_confucianism	false		default	0	0	0	0	50		placeholder	false	default	major	3k_main_ceo_initial_data_faction_generic	faction_potential_minor	3
1631271612	3k_dlc06_faction_nanman_king_shamoke_separatists	3k_dlc05_start_pos	false	2000	603	gov_absolute_monarchy	3k_main_confucianism	true		default	0	0	0	0	50		placeholder	false	3k_dlc06_nanman_default	nanman_minor	3k_dlc06_initial_data_faction_nanman_generic		0
1649996538	3k_dlc06_faction_nanman_yongchang_separatists	3k_dlc05_start_pos	false	2000	616	gov_absolute_monarchy	3k_main_confucianism	true		default	0	0	0	0	50		placeholder	false	3k_dlc06_nanman_default	nanman_minor	3k_dlc06_initial_data_faction_nanman_generic		0
1665131869	3k_main_faction_donglai_separatists	3k_dlc05_start_pos	false	2000	188	gov_absolute_monarchy	3k_main_confucianism	false		default	0	0	0	0	50		placeholder	false	default	minor	3k_main_ceo_initial_data_faction_generic	faction_potential_minor	3
1670418727	3k_main_faction_beihai	3k_dlc05_start_pos	false	2000	75	gov_absolute_monarchy	3k_main_confucianism	false		default	0	0	0	0	50		placeholder	false	default	minor	3k_main_ceo_initial_data_faction_generic	faction_potential_minor	3
1672058714	3k_main_faction_zangke	3k_dlc05_start_pos	false	2000	106	gov_absolute_monarchy	3k_main_confucianism	false		default	0	0	0	0	50		placeholder	false	default	minor	3k_main_ceo_initial_data_faction_generic	faction_potential_minor	3
1672299815	3k_main_faction_runan_separatists	3k_dlc05_start_pos	false	2000	202	gov_absolute_monarchy	3k_main_confucianism	false		default	0	0	0	0	50		placeholder	false	default	minor	3k_main_ceo_initial_data_faction_generic	faction_potential_minor	3
1684083328	3k_dlc06_faction_nanman_yongchang	3k_dlc05_start_pos	false	2000	516	gov_absolute_monarchy	3k_main_confucianism	false		default	0	0	0	0	50		placeholder	false	3k_dlc06_nanman_default	nanman_minor	3k_dlc06_initial_data_faction_nanman_yongchang	faction_potential_minor	0
1688563431	3k_main_faction_jianan	3k_dlc05_start_pos	false	2000	49	gov_absolute_monarchy	3k_main_confucianism	false		default	0	0	0	0	50		placeholder	false	default	minor	3k_main_ceo_initial_data_faction_generic	faction_potential_minor	3
169395883	3k_main_faction_luling	3k_dlc05_start_pos	false	2000	55	gov_absolute_monarchy	3k_main_confucianism	false		default	0	0	0	0	50		placeholder	false	default	minor	3k_main_ceo_initial_data_faction_generic	faction_potential_minor	3
1709617883	3k_main_faction_jiangyang	3k_dlc05_start_pos	false	2000	50	gov_absolute_monarchy	3k_main_confucianism	false		default	0	0	0	0	50		placeholder	false	default	minor	3k_main_ceo_initial_data_faction_generic	faction_potential_minor	3
1715112417	3k_main_faction_yingchuan_separatists	3k_dlc05_start_pos	false	2000	169	gov_absolute_monarchy	3k_main_confucianism	false		default	0	0	0	0	50		placeholder	false	default	minor	3k_main_ceo_initial_data_faction_generic	faction_potential_minor	3
1716726503	3k_main_faction_gongsun_du	3k_dlc05_start_pos	false	2000	15	gov_absolute_monarchy	3k_main_confucianism	false		default	0	0	0	0	50		placeholder	false	default	minor	3k_main_ceo_initial_data_faction_gongsun_du	faction_potential_minor_to_low	3
1720551807	3k_dlc05_faction_shi_yi	3k_dlc05_start_pos	false	2000	22	gov_absolute_monarchy	3k_main_confucianism	false		default	0	0	0	0	50		placeholder	false	default	minor	3k_main_ceo_initial_data_faction_generic	faction_potential_minor	3
1722935136	3k_dlc06_faction_nanman_xi_ni	3k_dlc05_start_pos	false	2000	514	gov_absolute_monarchy	3k_main_confucianism	false		default	0	0	0	0	50		placeholder	false	3k_dlc06_nanman_default	nanman_minor	3k_dlc06_initial_data_faction_nanman_xi_ni	faction_potential_minor	0
1726415870	3k_main_faction_fuling	3k_dlc05_start_pos	false	2000	81	gov_absolute_monarchy	3k_main_confucianism	false		default	0	0	0	0	50		placeholder	false	default	minor	3k_main_ceo_initial_data_faction_generic	faction_potential_minor	3
1727641731	3k_main_faction_yuan_shu_separatists	3k_dlc05_start_pos	false	2000	173	gov_absolute_monarchy	3k_main_confucianism	false		default	0	0	0	0	50		placeholder	false	default	major	3k_main_ceo_initial_data_faction_generic	faction_potential_minor	3
173831654	3k_main_faction_xindu_separatists	3k_dlc05_start_pos	false	2000	167	gov_absolute_monarchy	3k_main_confucianism	false		default	0	0	0	0	50		placeholder	false	default	minor	3k_main_ceo_initial_data_faction_generic	faction_potential_minor	3
1742923117	3k_dlc06_faction_liaodong_separatists	3k_dlc05_start_pos	false	2000	2506	gov_absolute_monarchy	3k_main_confucianism	false		default	0	0	0	0	50		placeholder	false	default	minor	3k_main_ceo_initial_data_faction_generic	faction_potential_minor	3
175174220	3k_main_faction_cangwu_separatists	3k_dlc05_start_pos	false	2000	184	gov_absolute_monarchy	3k_main_confucianism	false		default	0	0	0	0	50		placeholder	false	default	minor	3k_main_ceo_initial_data_faction_generic	faction_potential_minor	3
1761972746	3k_dlc06_faction_nanman_jianning	3k_dlc05_start_pos	false	2000	509	gov_absolute_monarchy	3k_main_confucianism	false		default	0	0	0	0	50		placeholder	false	3k_dlc06_nanman_default	nanman_minor	3k_dlc06_initial_data_faction_nanman_jianning	faction_potential_minor	0
1770080943	3k_main_faction_donglai	3k_dlc05_start_pos	false	2000	80	gov_absolute_monarchy	3k_main_confucianism	false		default	0	0	0	0	50		placeholder	false	default	minor	3k_main_ceo_initial_data_faction_generic	faction_potential_minor	3
1774375187	3k_main_faction_beihai_separatists	3k_dlc05_start_pos	false	2000	183	gov_absolute_monarchy	3k_main_confucianism	false		default	0	0	0	0	50		placeholder	false	default	minor	3k_main_ceo_initial_data_faction_generic	faction_potential_minor	3
1783491148	3k_dlc06_faction_jiuzhen_separatists	3k_dlc05_start_pos	false	2000	105	gov_absolute_monarchy	3k_main_confucianism	false		default	0	0	0	0	50		placeholder	false	default	minor	3k_main_ceo_initial_data_faction_generic	faction_potential_minor	3
1784989916	3k_main_faction_yulin_separatists	3k_dlc05_start_pos	false	2000	210	gov_absolute_monarchy	3k_main_confucianism	false		default	0	0	0	0	50		placeholder	false	default	minor	3k_main_ceo_initial_data_faction_generic	faction_potential_minor	3
1795338927	3k_main_faction_yuan_shu	3k_dlc05_start_pos	true	2000	6	gov_absolute_monarchy	3k_main_confucianism	true		default	0	0	0	0	50		placeholder	false	3k_earth_config	major	3k_main_ceo_initial_data_faction_yuan_shu	faction_potential_yuan_shu	3
179848843	3k_main_faction_taiyuan	3k_dlc05_start_pos	false	2000	62	gov_absolute_monarchy	3k_main_confucianism	false		default	0	0	0	0	50		placeholder	false	default	minor	3k_main_ceo_initial_data_faction_generic	faction_potential_minor	3
1799117175	3k_main_faction_yangzhou	3k_dlc05_start_pos	false	2000	101	gov_absolute_monarchy	3k_main_confucianism	false		default	0	0	0	0	50		placeholder	false	default	minor	3k_main_ceo_initial_data_faction_generic	faction_potential_minor	3
1799610144	3k_dlc05_faction_yuan_tan_separatists	3k_dlc05_start_pos	false	2000	117	gov_absolute_monarchy	3k_main_confucianism	false		default	0	0	0	0	50		placeholder	false	default	minor	3k_main_ceo_initial_data_faction_generic	faction_potential_minor	3
1806000898	3k_main_faction_zheng_jiang_separatists	3k_dlc05_start_pos	false	2000	179	gov_absolute_monarchy	3k_main_confucianism	false		default	0	0	0	0	50		placeholder	false	default	major	3k_main_ceo_initial_data_faction_generic	faction_potential_minor	3
1807584589	3k_main_faction_ma_teng	3k_dlc05_start_pos	true	2000	7	gov_absolute_monarchy	3k_main_confucianism	true		default	0	0	0	0	50		placeholder	false	3k_fire_config	major	3k_main_ceo_initial_data_faction_ma_teng	faction_potential_ma_teng	3
1809301017	3k_main_faction_dongjun	3k_dlc05_start_pos	false	2000	43	gov_absolute_monarchy	3k_main_confucianism	false		default	0	0	0	0	50		placeholder	false	default	minor	3k_main_ceo_initial_data_faction_generic	faction_potential_minor	3
1813593941	3k_main_faction_jianye_separatists	3k_dlc05_start_pos	false	2000	145	gov_absolute_monarchy	3k_main_confucianism	false		default	0	0	0	0	50		placeholder	false	default	minor	3k_main_ceo_initial_data_faction_generic	faction_potential_minor	3
1814004072	3k_dlc06_faction_yunnan	3k_dlc05_start_pos	false	2000	621	gov_absolute_monarchy	3k_main_confucianism	false		default	0	0	0	0	50		placeholder	false	default	minor	3k_main_ceo_initial_data_faction_generic	faction_potential_minor	3
1814794586	3k_main_faction_jingzhou	3k_dlc05_start_pos	false	2000	88	gov_absolute_monarchy	3k_main_confucianism	false		default	0	0	0	0	50		placeholder	false	default	minor	3k_main_ceo_initial_data_faction_generic	faction_potential_minor	3
1814832933	3k_main_faction_taishan	3k_dlc05_start_pos	false	2000	96	gov_absolute_monarchy	3k_main_confucianism	false		default	0	0	0	0	50		placeholder	false	default	minor	3k_main_ceo_initial_data_faction_generic	faction_potential_minor	3
1820366714	3k_main_faction_shoufang	3k_dlc05_start_pos	false	2000	61	gov_absolute_monarchy	3k_main_confucianism	false		default	0	0	0	0	50		placeholder	false	default	minor	3k_main_ceo_initial_data_faction_generic	faction_potential_minor	3
182294582	3k_dlc06_faction_nanman_yang_feng	3k_dlc05_start_pos	false	2000	515	gov_absolute_monarchy	3k_main_confucianism	false		default	0	0	0	0	50		placeholder	false	3k_dlc06_nanman_default	major	3k_dlc06_initial_data_faction_nanman_yang_feng	faction_potential_dlc06_nanman_yang_feng	0
1828397338	3k_main_faction_baxi	3k_dlc05_start_pos	false	2000	38	gov_absolute_monarchy	3k_main_confucianism	false		default	0	0	0	0	50		placeholder	false	default	minor	3k_main_ceo_initial_data_faction_generic	faction_potential_minor	3
183377397	3k_main_faction_dongou	3k_dlc05_start_pos	false	2000	44	gov_absolute_monarchy	3k_main_confucianism	false		default	0	0	0	0	50		placeholder	false	default	minor	3k_main_ceo_initial_data_faction_generic	faction_potential_minor	3
1836587643	3k_main_faction_tong'an_separatists	3k_dlc05_start_pos	false	2000	202	gov_absolute_monarchy	3k_main_confucianism	false		default	0	0	0	0	50		placeholder	false	default	minor	3k_main_ceo_initial_data_faction_generic	faction_potential_minor	3
1845022969	3k_main_faction_yangzhou_separatists	3k_dlc05_start_pos	false	2000	206	gov_absolute_monarchy	3k_main_confucianism	false		default	0	0	0	0	50		placeholder	false	default	minor	3k_main_ceo_initial_data_faction_generic	faction_potential_minor	3
1857427366	3k_main_faction_youbeiping	3k_dlc05_start_pos	false	2000	69	gov_absolute_monarchy	3k_main_confucianism	false		default	0	0	0	0	50		placeholder	false	default	minor	3k_main_ceo_initial_data_faction_generic	faction_potential_minor	3
1858004242	3k_main_faction_gongsun_du_separatists	3k_dlc05_start_pos	false	2000	136	gov_absolute_monarchy	3k_main_confucianism	false		default	0	0	0	0	50		placeholder	false	default	minor	3k_main_ceo_initial_data_faction_generic	faction_potential_minor	3
1864294251	3k_main_faction_cao_separatists	3k_dlc05_start_pos	false	2000	127	gov_absolute_monarchy	3k_main_confucianism	false		default	0	0	0	0	50		placeholder	false	default	major	3k_main_ceo_initial_data_faction_generic	faction_potential_minor	3
1875057951	3k_main_faction_chen_separatists	3k_dlc05_start_pos	false	2000	186	gov_absolute_monarchy	3k_main_confucianism	false		default	0	0	0	0	50		placeholder	false	default	minor	3k_main_ceo_initial_data_faction_generic	faction_potential_minor	3
1896009731	3k_dlc05_faction_yang_feng_separatists	3k_dlc05_start_pos	false	2000	118	gov_absolute_monarchy	3k_main_confucianism	false		default	0	0	0	0	50		placeholder	false	default	minor	3k_main_ceo_initial_data_faction_generic	faction_potential_minor	3
1898309190	3k_main_faction_jiaozhi_separatists	3k_dlc05_start_pos	false	2000	195	gov_absolute_monarchy	3k_main_confucianism	false		default	0	0	0	0	50		placeholder	false	default	minor	3k_main_ceo_initial_data_faction_generic	faction_potential_minor	3
1905735473	3k_main_faction_rebels	3k_dlc05_start_pos	false	2000	216	gov_absolute_monarchy	3k_main_confucianism	false		default	0	0	0	0	50		placeholder	false	default	default	3k_main_ceo_initial_data_faction_generic	faction_potential_minor	3
1917260396	3k_main_faction_anding_separatists	3k_dlc05_start_pos	false	2000	123	gov_absolute_monarchy	3k_main_confucianism	false		default	0	0	0	0	50		placeholder	false	default	minor	3k_main_ceo_initial_data_faction_generic	faction_potential_minor	3
192403629	3k_main_faction_dongjun_separatists	3k_dlc05_start_pos	false	2000	132	gov_absolute_monarchy	3k_main_confucianism	false		default	0	0	0	0	50		placeholder	false	default	minor	3k_main_ceo_initial_data_faction_generic	faction_potential_minor	3
1927660260	3k_main_faction_liu_biao	3k_dlc05_start_pos	true	2000	8	gov_absolute_monarchy	3k_main_confucianism	true		default	0	0	0	0	50		placeholder	false	3k_earth_config	major	3k_main_ceo_initial_data_faction_liu_biao	faction_potential_liu_biao	3
1930629319	3k_main_faction_guangling	3k_dlc05_start_pos	false	2000	82	gov_absolute_monarchy	3k_main_confucianism	false		default	0	0	0	0	50		placeholder	false	default	minor	3k_main_ceo_initial_data_faction_generic	faction_potential_minor	3
1945724067	3k_main_faction_changan_separatists	3k_dlc05_start_pos	false	2000	128	gov_absolute_monarchy	3k_main_confucianism	false		default	0	0	0	0	50		placeholder	false	default	minor	3k_main_ceo_initial_data_faction_generic	faction_potential_minor	3
1960491296	3k_dlc06_faction_xiapi_separatists	3k_dlc05_start_pos	false	2000	2514	gov_absolute_monarchy	3k_main_confucianism	false		default	0	0	0	0	50		placeholder	false	default	minor	3k_main_ceo_initial_data_faction_generic	faction_potential_minor	3
1974403605	3k_main_faction_jingzhou_separatists	3k_dlc05_start_pos	false	2000	196	gov_absolute_monarchy	3k_main_confucianism	false		default	0	0	0	0	50		placeholder	false	default	minor	3k_main_ceo_initial_data_faction_generic	faction_potential_minor	3
1974419613	3k_main_faction_jianning	3k_dlc05_start_pos	false	2000	86	gov_absolute_monarchy	3k_main_confucianism	false		default	0	0	0	0	50		placeholder	false	default	minor	3k_main_ceo_initial_data_faction_generic	faction_potential_minor	3
1975677480	3k_main_faction_xiangyang	3k_dlc05_start_pos	false	2000	65	gov_absolute_monarchy	3k_main_confucianism	false		default	0	0	0	0	50		placeholder	false	default	minor	3k_main_ceo_initial_data_faction_generic	faction_potential_minor	3
1985346459	3k_dlc06_faction_nanman_king_mulu_separatists	3k_dlc05_start_pos	false	2000	602	gov_absolute_monarchy	3k_main_confucianism	true		default	0	0	0	0	50		placeholder	false	3k_dlc06_nanman_default	nanman_minor	3k_dlc06_initial_data_faction_nanman_generic		0
2012519702	3k_dlc04_faction_lu_kang	3k_dlc05_start_pos	false	2000	108	gov_absolute_monarchy	3k_main_confucianism	false		default	0	0	0	0	50		placeholder	false	default	minor	3k_main_ceo_initial_data_faction_generic	faction_potential_minor	3
2017136456	3k_main_faction_langye	3k_dlc05_start_pos	false	2000	89	gov_absolute_monarchy	3k_main_confucianism	false		default	0	0	0	0	50		placeholder	false	default	minor	3k_main_ceo_initial_data_faction_generic	faction_potential_minor	3
2024270155	3k_dlc04_faction_prince_liu_chong_separatists	3k_dlc05_start_pos	false	2000	218	gov_absolute_monarchy	3k_main_confucianism	false		default	0	0	0	0	50		placeholder	false	default	minor	3k_main_ceo_initial_data_faction_generic	faction_potential_minor	3
2036729635	3k_main_faction_nanyang	3k_dlc05_start_pos	false	2000	92	gov_absolute_monarchy	3k_main_confucianism	false		default	0	0	0	0	50		placeholder	false	default	minor	3k_main_ceo_initial_data_faction_generic	faction_potential_minor	3
2045382198	3k_main_faction_henei_separatists	3k_dlc05_start_pos	false	2000	141	gov_absolute_monarchy	3k_main_confucianism	false		default	0	0	0	0	50		placeholder	false	default	minor	3k_main_ceo_initial_data_faction_generic	faction_potential_minor	3
2048143274	3k_dlc05_faction_xu_gong	3k_dlc05_start_pos	false	2000	23	gov_absolute_monarchy	3k_main_confucianism	false		default	0	0	0	0	50		placeholder	false	default	minor	3k_main_ceo_initial_data_faction_generic	faction_potential_minor	3
2054437059	3k_main_faction_yu	3k_dlc05_start_pos	false	2000	70	gov_absolute_monarchy	3k_main_confucianism	false		default	0	0	0	0	50		placeholder	false	default	minor	3k_main_ceo_initial_data_faction_generic	faction_potential_minor	3
2056394495	3k_dlc06_faction_yongchang_separatists	3k_dlc05_start_pos	false	2000	720	gov_absolute_monarchy	3k_main_confucianism	false		default	0	0	0	0	50		placeholder	false	default	minor	3k_main_ceo_initial_data_faction_generic	faction_potential_minor	3
2060867205	3k_main_faction_gao_gan	3k_dlc05_start_pos	false	2000	27	gov_absolute_monarchy	3k_main_confucianism	false		default	0	0	0	0	50		placeholder	false	default	minor	3k_main_ceo_initial_data_faction_gao_gan	faction_potential_minor	3
2062691772	3k_main_faction_xiangyang_separatists	3k_dlc05_start_pos	false	2000	166	gov_absolute_monarchy	3k_main_confucianism	false		default	0	0	0	0	50		placeholder	false	default	minor	3k_main_ceo_initial_data_faction_generic	faction_potential_minor	3
2077680244	3k_dlc06_faction_nanman_jinhuansanjie_separatists	3k_dlc05_start_pos	false	2000	611	gov_absolute_monarchy	3k_main_confucianism	true		default	0	0	0	0	50		placeholder	false	3k_dlc06_nanman_default	nanman_minor	3k_dlc06_initial_data_faction_nanman_generic		0
2079218593	3k_dlc06_faction_nanman_king_shamoke	3k_dlc05_start_pos	true	2000	503	gov_absolute_monarchy	3k_main_confucianism	true		default	0	0	0	0	50		placeholder	false	3k_dlc06_nanman_default	major	3k_dlc06_initial_data_faction_nanman_king_shamoke	faction_potential_dlc06_nanman_king_shamoke	0
2085772618	3k_main_faction_wuling	3k_dlc05_start_pos	false	2000	64	gov_absolute_monarchy	3k_main_confucianism	false		default	0	0	0	0	50		placeholder	false	default	minor	3k_main_ceo_initial_data_faction_generic	faction_potential_minor	3
2097070748	3k_dlc05_faction_wu_jing	3k_dlc05_start_pos	false	2000	213	gov_absolute_monarchy	3k_main_confucianism	false		default	0	0	0	0	50		placeholder	false	default	minor	3k_main_ceo_initial_data_faction_generic	faction_potential_minor	3
210796168	3k_main_faction_chengdu_separatists	3k_dlc05_start_pos	false	2000	129	gov_absolute_monarchy	3k_main_confucianism	false		default	0	0	0	0	50		placeholder	false	default	minor	3k_main_ceo_initial_data_faction_generic	faction_potential_minor	3
21194688	3k_main_faction_dongou_separatists	3k_dlc05_start_pos	false	2000	133	gov_absolute_monarchy	3k_main_confucianism	false		default	0	0	0	0	50		placeholder	false	default	minor	3k_main_ceo_initial_data_faction_generic	faction_potential_minor	3
212210894	3k_dlc05_faction_shi_wu	3k_dlc05_start_pos	false	2000	24	gov_absolute_monarchy	3k_main_confucianism	false		default	0	0	0	0	50		placeholder	false	default	minor	3k_main_ceo_initial_data_faction_generic	faction_potential_minor	3
2134184073	3k_main_faction_poyang_separatists	3k_dlc05_start_pos	false	2000	158	gov_absolute_monarchy	3k_main_confucianism	false		default	0	0	0	0	50		placeholder	false	default	minor	3k_main_ceo_initial_data_faction_generic	faction_potential_minor	3
2138654007	3k_main_faction_lujiang	3k_dlc05_start_pos	false	2000	90	gov_absolute_monarchy	3k_main_confucianism	false		default	0	0	0	0	50		placeholder	false	default	minor	3k_main_ceo_initial_data_faction_generic	faction_potential_minor	3
226506139	3k_main_faction_gongsun_separatists	3k_dlc05_start_pos	false	2000	137	gov_absolute_monarchy	3k_main_confucianism	false		default	0	0	0	0	50		placeholder	false	default	major	3k_main_ceo_initial_data_faction_generic	faction_potential_minor	3
227526470	3k_main_faction_liu_bei_separatists	3k_dlc05_start_pos	false	2000	150	gov_absolute_monarchy	3k_main_confucianism	false		default	0	0	0	0	50		placeholder	false	default	major	3k_main_ceo_initial_data_faction_generic	faction_potential_minor	3
233873136	3k_main_faction_anping	3k_dlc05_start_pos	false	2000	73	gov_absolute_monarchy	3k_main_confucianism	false		default	0	0	0	0	50		placeholder	false	default	minor	3k_main_ceo_initial_data_faction_generic	faction_potential_minor	3
238114703	3k_main_faction_tong'an	3k_dlc05_start_pos	false	2000	97	gov_absolute_monarchy	3k_main_confucianism	false		default	0	0	0	0	50		placeholder	false	default	minor	3k_main_ceo_initial_data_faction_generic	faction_potential_minor	3
252745995	3k_main_faction_shoufang_separatists	3k_dlc05_start_pos	false	2000	161	gov_absolute_monarchy	3k_main_confucianism	false		default	0	0	0	0	50		placeholder	false	default	minor	3k_main_ceo_initial_data_faction_generic	faction_potential_minor	3
256566250	3k_dlc06_faction_nanman_jiaozhi_separatists	3k_dlc05_start_pos	false	2000	610	gov_absolute_monarchy	3k_main_confucianism	true		default	0	0	0	0	50		placeholder	false	3k_dlc06_nanman_default	nanman_minor	3k_dlc06_initial_data_faction_nanman_generic		0
260910883	3k_dlc06_faction_nanman_tu_an_separatists	3k_dlc05_start_pos	false	2000	613	gov_absolute_monarchy	3k_main_confucianism	true		default	0	0	0	0	50		placeholder	false	3k_dlc06_nanman_default	nanman_minor	3k_dlc06_initial_data_faction_nanman_generic		0
265241535	3k_main_faction_luoyang	3k_dlc05_start_pos	false	2000	91	gov_absolute_monarchy	3k_main_confucianism	false		default	0	0	0	0	50		placeholder	false	default	minor	3k_main_ceo_initial_data_faction_generic	faction_potential_minor	3
279090874	3k_dlc06_faction_nanman_jianning_separatists	3k_dlc05_start_pos	false	2000	609	gov_absolute_monarchy	3k_main_confucianism	true		default	0	0	0	0	50		placeholder	false	3k_dlc06_nanman_default	nanman_minor	3k_dlc06_initial_data_faction_nanman_generic		0
283190339	3k_dlc06_faction_nanman_tu_an	3k_dlc05_start_pos	false	2000	513	gov_absolute_monarchy	3k_main_confucianism	false		default	0	0	0	0	50		placeholder	false	3k_dlc06_nanman_default	nanman_minor	3k_dlc06_initial_data_faction_nanman_tu_an	faction_potential_minor	0
293392899	3k_main_faction_penchang_separatists	3k_dlc05_start_pos	false	2000	157	gov_absolute_monarchy	3k_main_confucianism	false		default	0	0	0	0	50		placeholder	false	default	minor	3k_main_ceo_initial_data_faction_generic	faction_potential_minor	3
300027372	3k_dlc05_faction_zang_ba_separatists	3k_dlc05_start_pos	false	2000	216	gov_absolute_monarchy	3k_main_confucianism	false		default	0	0	0	0	50		placeholder	false	default	minor	3k_main_ceo_initial_data_faction_generic	faction_potential_minor	3
305372233	3k_dlc06_faction_nanman_king_duosi	3k_dlc05_start_pos	false	2000	505	gov_absolute_monarchy	3k_main_confucianism	true		default	0	0	0	0	50		placeholder	false	3k_dlc06_nanman_default	major	3k_dlc06_initial_data_faction_nanman_king_duosi	faction_potential_dlc06_nanman_king_duosi	0
323031396	3k_main_faction_jianning_separatists	3k_dlc05_start_pos	false	2000	194	gov_absolute_monarchy	3k_main_confucianism	false		default	0	0	0	0	50		placeholder	false	default	minor	3k_main_ceo_initial_data_faction_generic	faction_potential_minor	3
323827819	3k_main_faction_hanzhong	3k_dlc05_start_pos	false	2000	47	gov_absolute_monarchy	3k_main_confucianism	false		default	0	0	0	0	50		placeholder	false	default	minor	3k_main_ceo_initial_data_faction_generic	faction_potential_minor	3
324617056	3k_main_faction_langye_separatists	3k_dlc05_start_pos	false	2000	197	gov_absolute_monarchy	3k_main_confucianism	false		default	0	0	0	0	50		placeholder	false	default	minor	3k_main_ceo_initial_data_faction_generic	faction_potential_minor	3
328194245	3k_main_faction_yizhou_separatists	3k_dlc05_start_pos	false	2000	208	gov_absolute_monarchy	3k_main_confucianism	false		default	0	0	0	0	50		placeholder	false	default	minor	3k_main_ceo_initial_data_faction_generic	faction_potential_minor	3
343567572	3k_main_faction_youzhou	3k_dlc05_start_pos	false	2000	104	gov_absolute_monarchy	3k_main_confucianism	false		default	0	0	0	0	50		placeholder	false	default	minor	3k_main_ceo_initial_data_faction_generic	faction_potential_minor	3
351407875	3k_main_faction_donghai_separatists	3k_dlc05_start_pos	false	2000	187	gov_absolute_monarchy	3k_main_confucianism	false		default	0	0	0	0	50		placeholder	false	default	minor	3k_main_ceo_initial_data_faction_generic	faction_potential_minor	3
352099698	3k_main_faction_changsha	3k_dlc05_start_pos	false	2000	77	gov_absolute_monarchy	3k_main_confucianism	false		default	0	0	0	0	50		placeholder	false	default	minor	3k_main_ceo_initial_data_faction_generic	faction_potential_minor	3
361420115	3k_main_faction_ye_separatists	3k_dlc05_start_pos	false	2000	207	gov_absolute_monarchy	3k_main_confucianism	false		default	0	0	0	0	50		placeholder	false	default	minor	3k_main_ceo_initial_data_faction_generic	faction_potential_minor	3
367016813	3k_main_faction_yanmen_separatists	3k_dlc05_start_pos	false	2000	168	gov_absolute_monarchy	3k_main_confucianism	false		default	0	0	0	0	50		placeholder	false	default	minor	3k_main_ceo_initial_data_faction_generic	faction_potential_minor	3
392522197	3k_main_faction_poyang	3k_dlc05_start_pos	false	2000	58	gov_absolute_monarchy	3k_main_confucianism	false		default	0	0	0	0	50		placeholder	false	default	minor	3k_main_ceo_initial_data_faction_generic	faction_potential_minor	3
396487042	3k_main_faction_zhongshan_separatists	3k_dlc05_start_pos	false	2000	180	gov_absolute_monarchy	3k_main_confucianism	false		default	0	0	0	0	50		placeholder	false	default	minor	3k_main_ceo_initial_data_faction_generic	faction_potential_minor	3
397953406	3k_main_faction_kong_rong	3k_dlc05_start_pos	true	2000	9	gov_absolute_monarchy	3k_main_confucianism	true		default	0	0	0	0	50		placeholder	false	3k_water_config	minor_hard	3k_main_ceo_initial_data_faction_kong_rong	faction_potential_kong_rong	3
40394917	3k_dlc06_faction_nanman_king_mulu	3k_dlc05_start_pos	true	2000	502	gov_absolute_monarchy	3k_main_confucianism	true		default	0	0	0	0	50		placeholder	false	3k_dlc06_nanman_default	major	3k_dlc06_initial_data_faction_nanman_king_mulu	faction_potential_dlc06_nanman_king_mulu	0
40490363	3k_main_faction_liu_yao	3k_dlc05_start_pos	false	2000	29	gov_absolute_monarchy	3k_main_confucianism	false		default	0	0	0	0	50		placeholder	false	default	major	3k_main_ceo_initial_data_faction_liu_yao	faction_potential_minor_to_medium	3
418099286	3k_dlc06_faction_nanman_yunnan_separatists	3k_dlc05_start_pos	false	2000	617	gov_absolute_monarchy	3k_main_confucianism	true		default	0	0	0	0	50		placeholder	false	3k_dlc06_nanman_default	nanman_minor	3k_dlc06_initial_data_faction_nanman_generic		0
457178277	3k_main_faction_gao_gan_separatists	3k_dlc05_start_pos	false	2000	134	gov_absolute_monarchy	3k_main_confucianism	false		default	0	0	0	0	50		placeholder	false	default	minor	3k_main_ceo_initial_data_faction_generic	faction_potential_minor	3
461788538	3k_main_faction_liu_yao_separatists	3k_dlc05_start_pos	false	2000	153	gov_absolute_monarchy	3k_main_confucianism	false		default	0	0	0	0	50		placeholder	false	default	minor	3k_main_ceo_initial_data_faction_generic	faction_potential_minor	3
467399536	3k_main_faction_youbeiping_separatists	3k_dlc05_start_pos	false	2000	170	gov_absolute_monarchy	3k_main_confucianism	false		default	0	0	0	0	50		placeholder	false	default	minor	3k_main_ceo_initial_data_faction_generic	faction_potential_minor	3
490442209	3k_main_faction_luling_separatists	3k_dlc05_start_pos	false	2000	154	gov_absolute_monarchy	3k_main_confucianism	false		default	0	0	0	0	50		placeholder	false	default	minor	3k_main_ceo_initial_data_faction_generic	faction_potential_minor	3
491837787	3k_main_faction_weijun_separatists	3k_dlc05_start_pos	false	2000	164	gov_absolute_monarchy	3k_main_confucianism	false		default	0	0	0	0	50		placeholder	false	default	minor	3k_main_ceo_initial_data_faction_generic	faction_potential_minor	3
493565305	3k_dlc06_faction_nanman_lady_zhurong_separatists	3k_dlc05_start_pos	false	2000	601	gov_absolute_monarchy	3k_main_confucianism	true		default	0	0	0	0	50		placeholder	false	3k_dlc06_nanman_default	nanman_minor	3k_dlc06_initial_data_faction_nanman_generic		0
497797384	3k_dlc06_faction_yongchang	3k_dlc05_start_pos	false	2000	620	gov_absolute_monarchy	3k_main_confucianism	false		default	0	0	0	0	50		placeholder	false	default	minor	3k_main_ceo_initial_data_faction_generic	faction_potential_minor	3
522954362	3k_main_faction_zhang_lu	3k_dlc05_start_pos	false	2000	33	gov_absolute_monarchy	3k_main_taoist	false		default	0	0	0	0	50		placeholder	false	default	minor	3k_main_ceo_initial_data_faction_zhang_lu	faction_potential_minor_to_medium	3
530648758	3k_dlc05_faction_shi_wu_separatists	3k_dlc05_start_pos	false	2000	119	gov_absolute_monarchy	3k_main_confucianism	false		default	0	0	0	0	50		placeholder	false	default	minor	3k_main_ceo_initial_data_faction_generic	faction_potential_minor	3
536518784	3k_dlc06_faction_yunnan_separatists	3k_dlc05_start_pos	false	2000	721	gov_absolute_monarchy	3k_main_confucianism	false		default	0	0	0	0	50		placeholder	false	default	minor	3k_main_ceo_initial_data_faction_generic	faction_potential_minor	3
537325608	3k_dlc05_faction_white_tiger_yan	3k_dlc05_start_pos	true	2000	2	gov_absolute_monarchy	3k_main_confucianism	true		default	0	0	0	0	50		placeholder	false	default	major	3k_main_ceo_initial_data_faction_sun_jian	faction_potential_major_low_to_medium	0
538987154	3k_dlc06_faction_nanman_king_wutugu_separatists	3k_dlc05_start_pos	false	2000	604	gov_absolute_monarchy	3k_main_confucianism	true		default	0	0	0	0	50		placeholder	false	3k_dlc06_nanman_default	nanman_minor	3k_dlc06_initial_data_faction_nanman_generic		0
544217320	3k_main_faction_baxi_separatists	3k_dlc05_start_pos	false	2000	125	gov_absolute_monarchy	3k_main_confucianism	false		default	0	0	0	0	50		placeholder	false	default	minor	3k_main_ceo_initial_data_faction_generic	faction_potential_minor	3
555501631	3k_main_faction_lingling_separatists	3k_dlc05_start_pos	false	2000	149	gov_absolute_monarchy	3k_main_confucianism	false		default	0	0	0	0	50		placeholder	false	default	minor	3k_main_ceo_initial_data_faction_generic	faction_potential_minor	3
555533434	3k_main_faction_jiangyang_separatists	3k_dlc05_start_pos	false	2000	144	gov_absolute_monarchy	3k_main_confucianism	false		default	0	0	0	0	50		placeholder	false	default	minor	3k_main_ceo_initial_data_faction_generic	faction_potential_minor	3
560491683	3k_main_faction_ma_teng_separatists	3k_dlc05_start_pos	false	2000	155	gov_absolute_monarchy	3k_main_confucianism	false		default	0	0	0	0	50		placeholder	false	default	major	3k_main_ceo_initial_data_faction_generic	faction_potential_minor	3
570306088	3k_main_faction_zhai_rong	3k_dlc05_start_pos	false	2000	34	gov_absolute_monarchy	3k_main_confucianism	false		default	0	0	0	0	50		placeholder	false	default	minor	3k_main_ceo_initial_data_faction_zhai_rong	faction_potential_minor	3
579335920	3k_dlc06_faction_nanman_king_meng_huo_separatists	3k_dlc05_start_pos	false	2000	600	gov_absolute_monarchy	3k_main_confucianism	true		default	0	0	0	0	50		placeholder	false	3k_dlc06_nanman_default	nanman_minor	3k_dlc06_initial_data_faction_nanman_generic		0
587561069	3k_main_faction_lingling	3k_dlc05_start_pos	false	2000	54	gov_absolute_monarchy	3k_main_confucianism	false		default	0	0	0	0	50		placeholder	false	default	minor	3k_main_ceo_initial_data_faction_generic	faction_potential_minor	3
59313917	3k_main_faction_wang_lang	3k_dlc05_start_pos	false	2000	30	gov_absolute_monarchy	3k_main_confucianism	false		default	0	0	0	0	50		placeholder	false	default	minor	3k_main_ceo_initial_data_faction_wang_lang	faction_potential_minor	3
615381031	3k_main_faction_yuzhang	3k_dlc05_start_pos	false	2000	71	gov_absolute_monarchy	3k_main_confucianism	false		default	0	0	0	0	50		placeholder	false	default	minor	3k_main_ceo_initial_data_faction_generic	faction_potential_minor	3
630127780	3k_main_faction_wuling_separatists	3k_dlc05_start_pos	false	2000	165	gov_absolute_monarchy	3k_main_confucianism	false		default	0	0	0	0	50		placeholder	false	default	minor	3k_main_ceo_initial_data_faction_generic	faction_potential_minor	3
640488649	3k_dlc05_faction_sun_ce	3k_dlc05_start_pos	true	2000	3	gov_absolute_monarchy	3k_main_confucianism	true		default	0	0	0	0	50		placeholder	false	default	major	3k_dlc05_initial_data_faction_sun_ce	faction_potential_sun_jian	3
649331406	3k_main_faction_chengdu	3k_dlc05_start_pos	false	2000	41	gov_absolute_monarchy	3k_main_confucianism	false		default	0	0	0	0	50		placeholder	false	default	minor	3k_main_ceo_initial_data_faction_generic	faction_potential_minor	3
653630959	3k_main_faction_dong_zhuo	3k_dlc05_start_pos	true	2000	7	gov_absolute_monarchy	3k_main_confucianism	true	hard	default	0	0	0	0	50		placeholder	false	3k_fire_config	major	3k_main_ceo_initial_data_faction_dong_zhuo	faction_potential_dong_zhuo	3
654739007	3k_main_faction_han_sui	3k_dlc05_start_pos	false	2000	12	gov_absolute_monarchy	3k_main_confucianism	false		default	0	0	0	0	50		placeholder	false	default	minor	3k_main_ceo_initial_data_faction_han_sui	faction_potential_minor_to_medium	3
659759074	3k_main_faction_jiaozhi	3k_dlc05_start_pos	false	2000	87	gov_absolute_monarchy	3k_main_confucianism	false		default	0	0	0	0	50		placeholder	false	default	minor	3k_main_ceo_initial_data_faction_generic	faction_potential_minor	3
686722425	3k_main_faction_changsha_separatists	3k_dlc05_start_pos	false	2000	185	gov_absolute_monarchy	3k_main_confucianism	false		default	0	0	0	0	50		placeholder	false	default	minor	3k_main_ceo_initial_data_faction_generic	faction_potential_minor	3
689071309	3k_main_faction_yellow_turban_rebels	3k_dlc05_start_pos	true	2000	215	gov_absolute_monarchy	3k_main_yellow_turban	true	hard	default	0	0	0	0	50		placeholder	false	3k_yellow_turban_config	yellow_turban_he_yi_faction	3k_ytr_ceo_initial_data_faction_yellow_turban_he_yi	faction_potential_major_low	0
692351481	3k_main_faction_weijun	3k_dlc05_start_pos	false	2000	63	gov_absolute_monarchy	3k_main_confucianism	false		default	0	0	0	0	50		placeholder	false	default	minor	3k_main_ceo_initial_data_faction_generic	faction_potential_minor	3
70997077	3k_dlc05_faction_shi_huang_separatists	3k_dlc05_start_pos	false	2000	120	gov_absolute_monarchy	3k_main_confucianism	false		default	0	0	0	0	50		placeholder	false	default	minor	3k_main_ceo_initial_data_faction_generic	faction_potential_minor	3
711360440	3k_main_faction_jianye	3k_dlc05_start_pos	false	2000	51	gov_absolute_monarchy	3k_main_confucianism	false		default	0	0	0	0	50		placeholder	false	default	minor	3k_main_ceo_initial_data_faction_generic	faction_potential_minor	3
719760688	3k_main_faction_anding	3k_dlc05_start_pos	false	2000	36	gov_absolute_monarchy	3k_main_confucianism	false		default	0	0	0	0	50		placeholder	false	default	minor	3k_main_ceo_initial_data_faction_generic	faction_potential_minor	3
725818196	3k_main_faction_huang_zu	3k_dlc05_start_pos	false	2000	14	gov_absolute_monarchy	3k_main_confucianism	false		default	0	0	0	0	50		placeholder	false	default	minor	3k_main_ceo_initial_data_faction_huang_zu	faction_potential_minor_to_low	3
732691475	3k_dlc05_faction_zhu_fu_separatists	3k_dlc05_start_pos	false	2000	121	gov_absolute_monarchy	3k_main_confucianism	false		default	0	0	0	0	50		placeholder	false	default	minor	3k_main_ceo_initial_data_faction_generic	faction_potential_minor	3
73306503	3k_main_faction_hedong	3k_dlc05_start_pos	false	2000	83	gov_absolute_monarchy	3k_main_confucianism	false		default	0	0	0	0	50		placeholder	false	default	minor	3k_main_ceo_initial_data_faction_generic	faction_potential_minor	3
74196861	3k_main_faction_badong	3k_dlc05_start_pos	false	2000	37	gov_absolute_monarchy	3k_main_confucianism	false		default	0	0	0	0	50		placeholder	false	default	minor	3k_main_ceo_initial_data_faction_generic	faction_potential_minor	3
750507262	3k_main_faction_xihe_separatists	3k_dlc05_start_pos	false	2000	205	gov_absolute_monarchy	3k_main_confucianism	false		default	0	0	0	0	50		placeholder	false	default	minor	3k_main_ceo_initial_data_faction_generic	faction_potential_minor	3
754707461	3k_main_faction_ba	3k_dlc05_start_pos	false	2000	74	gov_absolute_monarchy	3k_main_confucianism	false		default	0	0	0	0	50		placeholder	false	default	minor	3k_main_ceo_initial_data_faction_generic	faction_potential_minor	3
755166004	3k_main_faction_pingyuan_separatists	3k_dlc05_start_pos	false	2000	201	gov_absolute_monarchy	3k_main_confucianism	false		default	0	0	0	0	50		placeholder	false	default	minor	3k_main_ceo_initial_data_faction_generic	faction_potential_minor	3
756188635	3k_dlc06_faction_jiuzhen	3k_dlc05_start_pos	false	2000	105	gov_absolute_monarchy	3k_main_confucianism	false		default	0	0	0	0	50		placeholder	false	default	minor	3k_main_ceo_initial_data_faction_generic	faction_potential_minor	3
759997336	3k_main_faction_bohai_separatists	3k_dlc05_start_pos	false	2000	126	gov_absolute_monarchy	3k_main_confucianism	false		default	0	0	0	0	50		placeholder	false	default	minor	3k_main_ceo_initial_data_faction_generic	faction_potential_minor	3
764722775	3k_main_faction_lujiang_separatists	3k_dlc05_start_pos	false	2000	198	gov_absolute_monarchy	3k_main_confucianism	false		default	0	0	0	0	50		placeholder	false	default	minor	3k_main_ceo_initial_data_faction_generic	faction_potential_minor	3
767272736	3k_main_faction_chen	3k_dlc05_start_pos	false	2000	78	gov_absolute_monarchy	3k_main_confucianism	false		default	0	0	0	0	50		placeholder	false	default	minor	3k_main_ceo_initial_data_faction_generic	faction_potential_minor	3
768225721	3k_dlc06_faction_nanman_jiaozhi	3k_dlc05_start_pos	false	2000	510	gov_absolute_monarchy	3k_main_confucianism	false		default	0	0	0	0	50		placeholder	false	3k_dlc06_nanman_default	nanman_minor	3k_dlc06_initial_data_faction_nanman_jiaozhi	faction_potential_minor	0
800667340	3k_main_faction_taishan_separatists	3k_dlc05_start_pos	false	2000	201	gov_absolute_monarchy	3k_main_confucianism	false		default	0	0	0	0	50		placeholder	false	default	minor	3k_main_ceo_initial_data_faction_generic	faction_potential_minor	3
802993419	3k_dlc06_faction_nanman_zangke	3k_dlc05_start_pos	false	2000	518	gov_absolute_monarchy	3k_main_confucianism	false		default	0	0	0	0	50		placeholder	false	3k_dlc06_nanman_default	nanman_minor	3k_dlc06_initial_data_faction_nanman_zangke	faction_potential_minor	0
808946533	3k_dlc04_faction_rebels	3k_dlc05_start_pos	false	2000	110	gov_absolute_monarchy	3k_main_confucianism	false		default	0	0	0	0	50		placeholder	true	default	decentralised_rebel	3k_main_ceo_initial_data_faction_generic	faction_potential_minor	1
809402699	3k_main_faction_changan	3k_dlc05_start_pos	false	2000	40	gov_absolute_monarchy	3k_main_confucianism	false		default	0	0	0	0	50		placeholder	false	default	minor	3k_main_ceo_initial_data_faction_generic	faction_potential_minor	3
814883530	3k_dlc05_faction_yuan_tan	3k_dlc05_start_pos	false	2000	25	gov_absolute_monarchy	3k_main_confucianism	false		default	0	0	0	0	50		placeholder	false	default	minor	3k_main_ceo_initial_data_faction_generic	faction_potential_minor	3
82176781	3k_main_faction_zhai_rong_separatists	3k_dlc05_start_pos	false	2000	175	gov_absolute_monarchy	3k_main_confucianism	false		default	0	0	0	0	50		placeholder	false	default	minor	3k_main_ceo_initial_data_faction_generic	faction_potential_minor	3
822484188	3k_main_faction_wudu	3k_dlc05_start_pos	false	2000	98	gov_absolute_monarchy	3k_main_confucianism	false		default	0	0	0	0	50		placeholder	false	default	minor	3k_main_ceo_initial_data_faction_generic	faction_potential_minor	3
825003576	3k_dlc05_faction_hua_xin_separatists	3k_dlc05_start_pos	false	2000	122	gov_absolute_monarchy	3k_main_confucianism	false		default	0	0	0	0	50		placeholder	false	default	minor	3k_main_ceo_initial_data_faction_generic	faction_potential_minor	3
834264857	3k_main_faction_liu_yan	3k_dlc05_start_pos	true	2000	28	gov_absolute_monarchy	3k_main_confucianism	false		default	0	0	0	0	50		placeholder	false	default	minor	3k_main_ceo_initial_data_faction_liu_yan	faction_potential_minor_to_medium	3
835028340	3k_main_faction_liu_biao_separatists	3k_dlc05_start_pos	false	2000	151	gov_absolute_monarchy	3k_main_confucianism	false		default	0	0	0	0	50		placeholder	false	default	major	3k_main_ceo_initial_data_faction_generic	faction_potential_minor	3
8565057	3k_dlc04_faction_lu_kang_separatists	3k_dlc05_start_pos	false	2000	212	gov_absolute_monarchy	3k_main_confucianism	false		default	0	0	0	0	50		placeholder	false	default	minor	3k_main_ceo_initial_data_faction_generic	faction_potential_minor	3
857106134	3k_main_faction_lu_bu	3k_dlc05_start_pos	true	2000	4	gov_absolute_monarchy	3k_main_confucianism	true		default	0	0	0	0	50		placeholder	false	default	major	3k_dlc05_initial_data_faction_lu_bu	faction_potential_major_low	3
871327435	3k_main_faction_yuzhang_separatists	3k_dlc05_start_pos	false	2000	174	gov_absolute_monarchy	3k_main_confucianism	false		default	0	0	0	0	50		placeholder	false	default	minor	3k_main_ceo_initial_data_faction_generic	faction_potential_minor	3
872045239	3k_main_faction_han_sui_separatists	3k_dlc05_start_pos	false	2000	139	gov_absolute_monarchy	3k_main_confucianism	false		default	0	0	0	0	50		placeholder	false	default	minor	3k_main_ceo_initial_data_faction_generic	faction_potential_minor	3
878136650	3k_main_faction_gaoliang	3k_dlc05_start_pos	false	2000	45	gov_absolute_monarchy	3k_main_confucianism	false		default	0	0	0	0	50		placeholder	false	default	minor	3k_main_ceo_initial_data_faction_generic	faction_potential_minor	3
880303962	3k_main_faction_nanhai_separatists	3k_dlc05_start_pos	false	2000	156	gov_absolute_monarchy	3k_main_confucianism	false		default	0	0	0	0	50		placeholder	false	default	minor	3k_main_ceo_initial_data_faction_generic	faction_potential_minor	3
887881722	3k_main_faction_shangdang	3k_dlc05_start_pos	false	2000	60	gov_absolute_monarchy	3k_main_confucianism	false		default	0	0	0	0	50		placeholder	false	default	minor	3k_main_ceo_initial_data_faction_generic	faction_potential_minor	3
890884648	3k_dlc05_faction_tian_kai	3k_dlc05_start_pos	false	2000	26	gov_absolute_monarchy	3k_main_confucianism	false		default	0	0	0	0	50		placeholder	false	default	minor	3k_main_ceo_initial_data_faction_generic	faction_potential_minor	3
920384354	3k_main_faction_shi_xie	3k_dlc05_start_pos	true	2000	35	gov_absolute_monarchy	3k_main_buddhist	true		default	0	0	0	0	50		placeholder	false	default	minor	3k_main_ceo_initial_data_faction_shi_xie	faction_potential_major_medium	3
929268687	3k_main_faction_gongsun_zan	3k_dlc05_start_pos	true	2000	11	gov_absolute_monarchy	3k_main_confucianism	true	easy	default	0	0	0	0	50		placeholder	false	3k_fire_config	major	3k_main_ceo_initial_data_faction_gongsun_zan	faction_potential_gongsun_zan	3
937918597	3k_dlc06_faction_nanman_king_wutugu	3k_dlc05_start_pos	false	2000	504	gov_absolute_monarchy	3k_main_confucianism	true		default	0	0	0	0	50		placeholder	false	3k_dlc06_nanman_default	major	3k_dlc06_initial_data_faction_nanman_king_wutugu	faction_potential_dlc06_nanman_king_wutugu	0
945765067	3k_main_faction_penchang	3k_dlc05_start_pos	false	2000	57	gov_absolute_monarchy	3k_main_confucianism	false		default	0	0	0	0	50		placeholder	false	default	minor	3k_main_ceo_initial_data_faction_generic	faction_potential_minor	3
958539940	3k_main_faction_zhang_yan_separatists	3k_dlc05_start_pos	false	2000	177	gov_absolute_monarchy	3k_main_confucianism	false		default	0	0	0	0	50		placeholder	false	default	major	3k_main_ceo_initial_data_faction_generic	faction_potential_minor	3
95973437	3k_dlc06_faction_nanman_jinhuansanjie	3k_dlc05_start_pos	false	2000	511	gov_absolute_monarchy	3k_main_confucianism	false		default	0	0	0	0	50		placeholder	false	3k_dlc06_nanman_default	nanman_minor	3k_dlc06_initial_data_faction_nanman_jinhuansanjie	faction_potential_minor	0
960571396	3k_main_faction_han_empire	3k_dlc05_start_pos	false	2000	13	gov_absolute_monarchy	3k_main_confucianism	false		default	0	0	0	0	50		placeholder	false	default	han_empire	3k_main_ceo_initial_data_faction_han_empire	faction_potential_minor	3
960940052	3k_main_faction_cao_cao	3k_dlc05_start_pos	true	6000	1	gov_absolute_monarchy	3k_main_confucianism	true		default	0	0	0	0	50		placeholder	false	default	minor	3k_main_ceo_initial_data_faction_generic	faction_potential_cao_cao	3
971224264	3k_main_faction_shi_separatists	3k_dlc05_start_pos	false	2000	160	gov_absolute_monarchy	3k_main_confucianism	false		default	0	0	0	0	50		placeholder	false	default	minor	3k_main_ceo_initial_data_faction_generic	faction_potential_minor	3
979199083	3k_dlc06_faction_liaodong	3k_dlc05_start_pos	false	2000	2502	gov_absolute_monarchy	3k_main_confucianism	false		default	0	0	0	0	50		placeholder	false	default	minor	3k_main_ceo_initial_data_faction_generic	faction_potential_minor	3
989893691	3k_main_faction_jianan_separatists	3k_dlc05_start_pos	false	2000	143	gov_absolute_monarchy	3k_main_confucianism	false		default	0	0	0	0	50		placeholder	false	default	minor	3k_main_ceo_initial_data_faction_generic	faction_potential_minor	3
996215445	3k_dlc06_faction_nanman_yang_feng_separatists	3k_dlc05_start_pos	false	2000	615	gov_absolute_monarchy	3k_main_confucianism	true		default	0	0	0	0	50		placeholder	false	3k_dlc06_nanman_default	nanman_minor	3k_dlc06_initial_data_faction_nanman_generic		0
